weighted_persons,weighted_filers,poverty_rate_baseline,persons_in_poverty_baseline,poverty_gap_baseline_$,house_district,poverty_rate_no_eitc,persons_lifted_no_eitc,gap_closed_no_eitc_$,poverty_rate_no_ctc,persons_lifted_no_ctc,gap_closed_no_ctc_$,poverty_rate_no_hi_eitc,persons_lifted_no_hi_eitc,gap_closed_no_hi_eitc_$,poverty_rate_no_credits,persons_lifted_no_credits,gap_closed_no_credits_$,poverty_rate_expanded_ctc_2021,persons_lifted_expanded_ctc_2021,gap_closed_expanded_ctc_2021_$,poverty_rate_hi_eitc_100pct,persons_lifted_hi_eitc_100pct,gap_closed_hi_eitc_100pct_$,poverty_rate_hi_ctc_300,persons_lifted_hi_ctc_300,gap_closed_hi_ctc_300_$,poverty_rate_hi_ctc_650,persons_lifted_hi_ctc_650,gap_closed_hi_ctc_650_$,poverty_rate_hi_ctc_1000,persons_lifted_hi_ctc_1000,gap_closed_hi_ctc_1000_$
32510.0,13663.0,0.1688403568132882,5489.0,32472920.005291585,1,0.18422023992617656,500.0,1853825.8827693276,0.17591510304521685,230.0,118839.43807452545,0.17674561673331282,257.0,605494.7646209374,0.19667794524761611,905.0,3418315.0259077214,0.15709012611504153,382.0,2289622.6991404854,0.16142725315287604,241.0,739385.4724681787,0.1666256536450323,72.0,174377.66672880575,0.1666256536450323,72.0,374297.66672880575,0.16164257151645647,234.0,559206.0183452778
31205.0,13289.0,0.1967312930620093,6139.0,39263627.21875942,2,0.21400416599903863,539.0,1702562.2487288043,0.2035891684024996,214.0,515070.6984049678,0.2039096298670085,224.0,557277.869309336,0.23044383912834482,1052.0,3642662.357901484,0.17782406665598463,590.0,2082215.24393785,0.1934625861240186,102.0,708157.9660599977,0.1967312930620093,0.0,180810.0,0.1934625861240186,102.0,381507.30325999856,0.1934625861240186,102.0,581182.3032599986
30810.0,13104.0,0.1786108406361571,5503.0,31812291.18462531,3,0.20892567348263552,934.0,2164564.7171616964,0.19720869847452127,573.0,662828.4871751778,0.1943524829600779,485.0,714994.2035054676,0.24164232392080492,1942.0,5053670.464311395,0.15767607919506654,645.0,2339789.5701700747,0.17140538786108406,222.0,902537.0683934428,0.1786108406361571,0.0,196770.0,0.1786108406361571,0.0,426335.0,0.1786108406361571,0.0,655900.0
32409.0,14338.0,0.14739732790274307,4777.0,32151068.06896929,5,0.15924588848776575,384.0,1245009.8531463668,0.14878583109630042,45.0,201648.80384793505,0.1533833194483014,194.0,441887.35554682836,0.16048011354870562,424.0,2165377.3055634312,0.14138048073066123,195.0,2384075.425909821,0.1454225678052393,64.0,601354.7353749834,0.14588540220309174,49.0,172478.34805258736,0.1454225678052393,64.0,368977.5346549861,0.1454225678052393,64.0,564977.5346549861
31528.0,13289.0,0.1696587160619132,5349.0,29335678.62596243,6,0.1795229637147932,311.0,1876918.3166552298,0.17352829231159606,122.0,643745.382638026,0.17032479066226847,21.0,655290.3390132114,0.18253615833544787,406.0,3750293.7413409725,0.14786856127886322,687.0,1211022.6877194121,0.14786856127886322,687.0,604620.3686394095,0.15862090839888354,348.0,126110.7851229757,0.1582402943415377,360.0,261874.77897709608,0.14786856127886322,687.0,392130.5501194149
31466.0,11811.0,0.21346850568867984,6717.0,27279631.94566131,7,0.23479311002351744,671.0,1346623.513497714,0.21442191571855335,30.0,98658.6928794086,0.22287548465009852,296.0,462861.741006691,0.28170088349329436,2147.0,2852253.253050968,0.14374245217059683,2194.0,3211181.746026445,0.20673107481090702,212.0,563883.58980719,0.20997266891247696,110.0,295643.20317065343,0.20997266891247696,110.0,625658.2031706534,0.2098455475751605,114.0,955351.482336022
39338.0,15993.0,0.14362702730184554,5650.0,29175779.713425197,9,0.1566170115410036,511.0,2504296.2784954794,0.15173623468402053,319.0,705462.2419160604,0.15638822512583253,502.0,918306.555613324,0.17484366261629977,1228.0,4737726.248661853,0.10460623315877778,1535.0,1549394.366480425,0.11330011693527886,1193.0,842810.8990953304,0.137729421932991,232.0,171003.47742985934,0.13747521480502314,242.0,361685.8671396747,0.13747521480502314,242.0,552295.8671396747
33053.0,14402.0,0.1499712582821529,4957.0,27505630.306585833,11,0.16534051372038847,508.0,2106327.063802995,0.16219405197712763,404.0,563530.8472606167,0.1499712582821529,0.0,754027.7760000043,0.17111911172964633,699.0,4277742.209239922,0.12791577163948809,729.0,3486894.491066035,0.14978973164311862,6.0,1104107.0634552017,0.1481559918918101,60.0,272351.7794728875,0.1481559918918101,60.0,589626.7794728875,0.1481559918918101,60.0,906901.7794728875
35361.0,14074.0,0.10715194706032069,3789.0,21090654.893760957,12,0.12547722066683634,648.0,1263189.4239405394,0.1084245355052176,45.0,214524.71293196082,0.11368456774412489,231.0,388855.268944636,0.12740024320579169,716.0,2267212.1871993206,0.083057605836939,852.0,911960.9022495262,0.09516133593506972,424.0,432165.9358615726,0.10715194706032069,0.0,106680.0,0.10715194706032069,0.0,231140.0,0.10672775091202172,15.0,354132.67561751977
35702.0,14398.0,0.10923757772673799,3900.0,22880908.89211258,13,0.11752842977984426,296.0,1653266.4283841103,0.11080611730435269,56.0,73731.88965143636,0.11189849308162007,95.0,590274.393217288,0.1270797154221052,637.0,2772589.3088369854,0.09915410901350065,360.0,1789728.5170141086,0.10923757772673799,0.0,817462.5370800011,0.10923757772673799,0.0,143220.0,0.10167497619180998,270.0,287940.5293597095,0.10167497619180998,270.0,428570.5293597095
37011.0,15109.0,0.12636783658912215,4677.0,22641678.22097388,14,0.15706141417416444,1136.0,1556054.2246024013,0.13409526897408877,286.0,516579.09374212474,0.13477074383291454,311.0,531881.3573613912,0.16457269460430682,1414.0,3639836.440792501,0.10480667909540407,798.0,1628464.608042799,0.12026154386533733,226.0,517074.5757715665,0.1255032287698252,32.0,161092.45289243758,0.11785685336791765,315.0,334444.93022856116,0.11785685336791765,315.0,483894.93022856116
38059.0,14734.0,0.11639822381039965,4430.0,27090737.446863223,16,0.14301479282167162,1013.0,1763175.4776988737,0.11758059854436533,45.0,143484.94626993313,0.13507974460705746,711.0,498005.7525390871,0.16429753803305394,1823.0,3973287.4303720407,0.10641372605691164,380.0,1674086.0659630187,0.11324522451982448,120.0,561570.4139063768,0.11639822381039965,0.0,143850.0,0.11639822381039965,0.0,311675.0,0.11324522451982448,120.0,475321.1856663786
21917.0,7915.0,0.08897203084363736,1950.0,9013859.888170177,18,0.10516950312542775,355.0,661847.1280404385,0.09960304786238992,233.0,154105.11285056733,0.09672856686590318,170.0,226086.19733569212,0.11434046630469498,556.0,1349114.873305006,0.06875941050326231,443.0,375147.59840916283,0.07514714605101062,303.0,75493.00060334243,0.07856914723730438,228.0,38804.82272553444,0.07856914723730438,228.0,79229.82272553444,0.07856914723730438,228.0,119654.82272553444
42306.0,15528.0,0.08109960762066847,3431.0,16553809.551460512,19,0.09235096676594337,476.0,1210185.8515077494,0.08677256181156337,240.0,387269.0305292979,0.08109960762066847,0.0,430502.5240000002,0.10159315463527632,867.0,2650281.2487709075,0.07299201058951449,343.0,1522008.185164433,0.07311019713515814,338.0,496506.1607306693,0.08050867489245024,25.0,132026.45460066944,0.07384295371814872,307.0,273516.05620066077,0.07384295371814872,307.0,403121.05620066077
93875.0,34125.0,0.098982689747004,9292.0,49558808.45366904,20,0.12447403462050599,2393.0,4130999.2597547174,0.1121491344873502,1236.0,1639613.3216685355,0.11038082556591211,1070.0,1185669.280530177,0.13497736351531292,3379.0,8982025.290982291,0.08113981358189082,1675.0,4846366.920105487,0.09439147802929428,431.0,1275455.8087891117,0.09821571238348868,72.0,443315.72422266006,0.09767243675099867,123.0,953476.8327150047,0.09604260985352862,276.0,1447231.7346329093
19720.0,6636.0,0.11450304259634889,2258.0,9632263.667252773,21,0.13864097363083164,476.0,1373581.147019025,0.11450304259634889,0.0,132600.0,0.11450304259634889,0.0,483008.1160000004,0.1668864097363083,1033.0,2972134.218272701,0.07307302231237323,817.0,999964.8029378876,0.08955375253549695,492.0,569879.8957182784,0.11450304259634889,0.0,114660.0,0.10324543610547668,222.0,243199.85526051186,0.10324543610547668,222.0,349774.85526051186
39198.0,12645.0,0.09439257104954335,3700.0,18275990.211447347,22,0.09663758355018114,88.0,1233240.7065427639,0.09492831266901372,21.0,287726.26603731886,0.09663758355018114,88.0,484312.6305427663,0.1183478748915761,939.0,2523338.9464590214,0.08791264860452064,254.0,1487942.8551841266,0.09005561508240216,170.0,669638.4385121241,0.09439257104954335,0.0,126840.0,0.09439257104954335,0.0,274820.0,0.09439257104954335,0.0,422800.0
21431.0,8071.0,0.09210956091642947,1974.0,13251811.15838531,23,0.09588913256497597,81.0,688257.4859004561,0.09210956091642947,0.0,58639.31279999949,0.09588913256497597,81.0,268662.6539004557,0.09850216975409454,137.0,1065121.4931772314,0.08394381970043395,175.0,954344.9779724013,0.08641687275442117,122.0,331790.68428461254,0.09210956091642947,0.0,73290.0,0.09210956091642947,0.0,158795.0,0.09210956091642947,0.0,244300.0
58520.0,25528.0,0.14776144907723854,8647.0,51523092.679630786,24,0.16510594668489406,1015.0,2875977.281685002,0.15439166097060833,388.0,643720.7124697268,0.15898838004101162,657.0,974423.097575359,0.16654135338345866,1099.0,5077053.811983198,0.13911483253588516,506.0,2291094.241321057,0.1423444976076555,317.0,1109740.4790023267,0.14776144907723854,0.0,199920.0,0.14499316473000684,162.0,425494.58432585746,0.14471975393028025,178.0,640948.4992034733
88520.0,32228.0,0.07568910980569363,6700.0,39272767.73926601,25,0.09948034342521464,2106.0,2583872.3526623994,0.07925892453682784,316.0,50825.283713161945,0.077643470402169,173.0,751815.5106632188,0.11147763217352011,3168.0,5984181.7970650345,0.0674423859014912,730.0,3557964.2609525025,0.07094441934026209,420.0,856668.0757108331,0.07511296882060552,51.0,276220.22107765824,0.07385901491188432,162.0,583251.1433487833,0.07385901491188432,162.0,886071.1433487833
22335.0,8366.0,0.08788896351018581,1963.0,8220881.850906035,26,0.09344078800089546,124.0,940908.6516840067,0.08788896351018581,0.0,0.0,0.08788896351018581,0.0,356851.1280000005,0.10454443698231475,372.0,1489557.1720898245,0.0728453100514887,336.0,1225672.9156922,0.0810835012312514,152.0,487929.7513941871,0.08788896351018581,0.0,99750.0,0.08788896351018581,0.0,216125.0,0.08788896351018581,0.0,332500.0
36887.0,13854.0,0.07251877355165777,2675.0,12151111.960929323,27,0.08547726841434652,478.0,1083802.4512955528,0.07425380215251985,64.0,165154.5089378357,0.07644969772548595,145.0,346436.1750575118,0.08938108276628623,622.0,1978523.0252841264,0.06183750372760051,394.0,1117053.3059241325,0.06633773416108656,228.0,375017.78327495046,0.07251877355165777,0.0,101640.0,0.06579553772331716,248.0,196576.6244147271,0.06579553772331716,248.0,287226.6244147271
36371.0,15038.0,0.11621896565945396,4227.0,23778968.79598875,28,0.132770613950675,602.0,1178252.3627552427,0.1272167386104314,400.0,97471.89491811767,0.1184460146820269,81.0,386038.2212435007,0.1407989882048885,894.0,2576987.2380326204,0.11050012372494569,208.0,1752283.582692232,0.11022517940117127,218.0,509521.9355208911,0.11621896565945396,0.0,126420.0,0.11621896565945396,0.0,273910.0,0.11621896565945396,0.0,421400.0
68541.0,27185.0,0.11115974380297924,7619.0,43075436.894606054,30,0.13250463226390044,1463.0,2437389.076684013,0.11652879298522052,368.0,95536.99902831018,0.11666010125326447,377.0,769584.9947531968,0.14219226448403147,2127.0,5260837.795973308,0.09566536817379379,1062.0,2782313.6764085963,0.10595118250390277,357.0,790397.4943476468,0.1104594330400782,48.0,219170.54163502157,0.10595118250390277,357.0,467658.76474764943,0.10595118250390277,357.0,694283.7647476494
30483.0,10821.0,0.14562215005084803,4439.0,23051559.474080525,31,0.15467637699701473,276.0,1129833.6354409568,0.1640258504740347,561.0,290960.2919666916,0.15339697536331726,237.0,407682.5809273198,0.2192697569136896,2245.0,3341443.2659229822,0.1342059508578552,348.0,1506824.8439057171,0.1403077124954893,162.0,527633.8869351074,0.14562215005084803,0.0,121380.0,0.14562215005084803,0.0,262990.0,0.14562215005084803,0.0,404600.0
61595.0,25425.0,0.10232973455637633,6303.0,36451644.039006844,32,0.10771978244987418,332.0,1918400.9347263575,0.10232973455637633,0.0,206189.11472000182,0.10330383959736991,60.0,745438.9251240641,0.12843574965500446,1608.0,3790731.8631457016,0.08663040831236302,967.0,2587451.4518987834,0.09659874989853072,353.0,1000876.3102024198,0.10198879779202857,21.0,236929.538187474,0.09780014611575615,279.0,499767.7658367604,0.09780014611575615,279.0,754812.7658367604
31420.0,14298.0,0.15875238701464037,4988.0,32009232.47757578,35,0.17975811584977722,660.0,1160841.9727248847,0.17196053469127945,415.0,199729.54805085808,0.15875238701464037,0.0,330355.7119999975,0.19812221514958625,1237.0,2711202.218811199,0.14840865690642902,325.0,1492420.1356425807,0.14840865690642902,325.0,316362.41336257756,0.1544239338001273,136.0,125889.78059922904,0.14840865690642902,325.0,251239.26940257847,0.14840865690642902,325.0,362469.2694025785
17050.0,7040.0,0.0980058651026393,1671.0,9414578.843760874,36,0.0980058651026393,0.0,474760.02999999933,0.0980058651026393,0.0,51000.0,0.0980058651026393,0.0,189904.0120000001,0.10592375366568915,135.0,839006.6891798954,0.08557184750733138,212.0,412031.80886392854,0.09448680351906158,60.0,216207.87024271488,0.09448680351906158,60.0,34253.15940271504,0.09448680351906158,60.0,73943.15940271504,0.08557184750733138,212.0,113366.38166392781
19224.0,10861.0,0.1755097794423637,3374.0,23082190.416722193,39,0.18196004993757803,124.0,1070967.803260617,0.1755097794423637,0.0,272000.0,0.17946317103620474,76.0,424811.0851363167,0.18196004993757803,124.0,1832248.0472606197,0.1576154806491885,344.0,1007137.2691208348,0.16468997086974616,208.0,572618.5040259734,0.1755097794423637,0.0,97860.0,0.1755097794423637,0.0,212030.0,0.1755097794423637,0.0,326200.0
14960.0,6914.0,0.07125668449197861,1066.0,7629139.201702655,41,0.07386363636363637,39.0,133993.03226020373,0.09064171122994652,290.0,1759.0684006782249,0.07125668449197861,0.0,52637.84800000116,0.09779411764705882,397.0,365818.61419014353,0.07125668449197861,0.0,503842.8124799989,0.07125668449197861,0.0,77377.63655999955,0.07125668449197861,0.0,33180.0,0.07125668449197861,0.0,71890.0,0.07125668449197861,0.0,110600.0
21473.0,12472.0,0.20001862804452103,4295.0,26926568.610893678,43,0.21445536254831649,310.0,1369656.7981790006,0.20001862804452103,0.0,253300.0,0.20001862804452103,0.0,529948.6879999973,0.2234899641410143,504.0,2693108.7149468325,0.1867461463232897,285.0,1240626.9690592624,0.18078517207656125,413.0,638426.0367165022,0.19373166301867462,135.0,104491.91427936032,0.19373166301867462,135.0,220621.91427936032,0.1910305965631258,193.0,335117.58123376593
100199.0,41409.0,0.11347418636912544,11370.0,58790372.54980245,46,0.12331460393816306,986.0,2900802.6727790087,0.11839439515364425,493.0,306011.12302826345,0.1176558648289903,419.0,1077635.205984667,0.13162806016028103,1819.0,5099648.319180153,0.0954899749498498,1802.0,4099017.911533922,0.10626852563398836,722.0,1147338.841410257,0.11298515953253027,49.0,330117.5182358995,0.11202706613838462,145.0,710514.9049962163,0.11151807902274474,196.0,1082594.2111210972
26691.0,9712.0,0.06878723165111836,1836.0,7640971.635401117,48,0.07807875313776179,248.0,612099.484823931,0.0745944325802705,155.0,322285.8380586216,0.07227155220860965,93.0,215980.17316531017,0.13719980517777527,1826.0,1964401.8571532052,0.04518376981004833,630.0,607419.9074343285,0.05069124423963134,483.0,251823.25229560956,0.06878723165111836,0.0,73500.0,0.06878723165111836,0.0,159250.0,0.06878723165111836,0.0,245000.0
41086.0,15179.0,0.08338606824709147,3426.0,17757664.140242808,50,0.1073358321569391,984.0,1463036.4440885335,0.10339288322056175,822.0,545782.4887492284,0.08557659543396777,90.0,432777.43809403107,0.12563890376283893,1736.0,3574424.688144598,0.07048629703548653,530.0,1506987.7270797472,0.07966217202940175,153.0,578335.5084865354,0.08338606824709147,0.0,147630.0,0.08163364649759042,72.0,315377.05901944265,0.07771503675217836,233.0,471634.0571433753
16951.0,6310.0,0.06713468231962716,1138.0,5485131.629963094,51,0.06978939295616778,45.0,209792.00309375487,0.06713468231962716,0.0,0.0,0.06978939295616778,45.0,83219.39909375459,0.07993628694472303,217.0,309936.6968021784,0.050439502094271726,283.0,294094.8756752778,0.06394902955577841,54.0,117270.69341895636,0.06394902955577841,54.0,23845.169338956475,0.06394902955577841,54.0,50795.169338956475,0.06394902955577841,54.0,77745.16933895648
