weighted_persons,weighted_filers,poverty_rate_baseline,persons_in_poverty_baseline,poverty_gap_baseline_$,senate_district,poverty_rate_no_eitc,persons_lifted_no_eitc,gap_closed_no_eitc_$,poverty_rate_no_ctc,persons_lifted_no_ctc,gap_closed_no_ctc_$,poverty_rate_no_hi_eitc,persons_lifted_no_hi_eitc,gap_closed_no_hi_eitc_$,poverty_rate_no_credits,persons_lifted_no_credits,gap_closed_no_credits_$,poverty_rate_expanded_ctc_2021,persons_lifted_expanded_ctc_2021,gap_closed_expanded_ctc_2021_$,poverty_rate_hi_eitc_100pct,persons_lifted_hi_eitc_100pct,gap_closed_hi_eitc_100pct_$,poverty_rate_hi_ctc_300,persons_lifted_hi_ctc_300,gap_closed_hi_ctc_300_$,poverty_rate_hi_ctc_650,persons_lifted_hi_ctc_650,gap_closed_hi_ctc_650_$,poverty_rate_hi_ctc_1000,persons_lifted_hi_ctc_1000,gap_closed_hi_ctc_1000_$
63155.0,26491.0,0.15514211068007283,9798.0,58005974.367466725,1,0.17126118280421185,1018.0,3201358.369282581,0.1652600744200776,639.0,673920.2272690609,0.16247328002533448,463.0,1014660.192443721,0.1767397672393318,1364.0,6289372.996580251,0.14021059298551183,943.0,3444648.8729868084,0.14939434724091522,363.0,1336724.0670758337,0.15514211068007283,0.0,277830.0,0.15442957802232601,45.0,595464.129434228,0.15436624178608185,49.0,912662.4085995927
60269.0,26768.0,0.1919394713700244,11568.0,71678881.5657119,3,0.21201612769417114,1210.0,2811779.0682023913,0.19719922348139177,317.0,564401.6946280599,0.20202757636595928,608.0,953478.7956869751,0.23245781413330235,2442.0,6064193.330517426,0.15870513862848232,2003.0,3950841.9627551287,0.17689027526589127,907.0,801747.8280604929,0.18512004513099603,411.0,360922.3875788152,0.18512004513099603,411.0,754637.3875788152,0.17700642121156815,900.0,1129091.510337606
66504.0,26235.0,0.1895825814988572,12608.0,62630361.11609073,4,0.2062883435582822,1111.0,4176367.0944741666,0.19346204739564538,258.0,1002469.581122905,0.19568747744496573,406.0,1469667.2848717645,0.23574521833273188,3070.0,8529005.820978269,0.16331348490316372,1747.0,6122416.537162155,0.18570311560206904,258.0,1981467.3056068867,0.18705641765908818,168.0,507437.61549622566,0.18579333573920365,252.0,1088548.969778508,0.18579333573920365,252.0,1666993.969778508
74671.0,29839.0,0.112908625838679,8431.0,46015726.396571815,6,0.12919339502618152,1216.0,4326954.464206696,0.12106440251235419,609.0,1033733.4366817102,0.12022070147714642,546.0,1527915.2615446001,0.1403489976028177,2049.0,8142243.646306358,0.08949927013164415,1748.0,3163981.2210564762,0.09421328226486855,1396.0,1612214.2705932185,0.11049805145237107,180.0,297449.43090505153,0.10798034042667166,368.0,630154.9729782194,0.1076723225884212,391.0,946875.4348620921
70852.0,28854.0,0.14980522779879185,10614.0,50622453.8420147,7,0.17585953819228814,1846.0,4443942.7848901,0.15317845650087505,239.0,939012.0201998726,0.16346750973861007,968.0,1462114.523153022,0.18133574211031445,2234.0,8401288.609839782,0.1182323717043979,2237.0,4775737.616241924,0.14406085925591375,407.0,1880471.9710334018,0.14822446790492858,112.0,447675.8259977102,0.14688364478066956,207.0,963297.7612606585,0.14688364478066956,207.0,1468732.7612606585
73001.0,30017.0,0.11449158230709168,8358.0,53747209.23513515,8,0.12887494691853535,1050.0,2075411.647827603,0.11869700415062807,307.0,244568.27489054203,0.11909425898275366,336.0,691321.318978101,0.145093902823249,2234.0,5124861.568956472,0.105327324283229,669.0,3100810.113517508,0.11221764085423487,166.0,782505.1835434362,0.11405323214750483,32.0,253072.45289243758,0.11021766825111985,312.0,523060.3719619587,0.10868344269256586,424.0,785508.7713619769
33986.0,12757.0,0.15835932442770553,5382.0,27865725.23665051,9,0.1805449302654034,754.0,1169434.743817903,0.1721297004648973,468.0,137877.95007828623,0.16121344082857647,97.0,376678.65078925714,0.19210851527099393,1147.0,3006738.4979696535,0.1487377155299241,327.0,1650731.743853435,0.15703524980874478,45.0,483926.2830906287,0.15835932442770553,0.0,120540.0,0.15765315129759314,24.0,259906.79895333946,0.15544636026599187,99.0,395825.53974791616
89803.0,33096.0,0.08366090219703128,7513.0,40334227.962071985,10,0.09735754930236183,1230.0,3254721.9912989214,0.08887230938832778,468.0,702899.5616160929,0.08869414162110398,452.0,1119446.158581026,0.11174459650568466,2522.0,6679028.0255884975,0.06855004843936172,1357.0,3983271.732397571,0.0716902553366814,1075.0,1154620.3208805025,0.08290368918633008,68.0,355965.11183308065,0.080142088794361,316.0,746861.7362478077,0.080142088794361,316.0,1133471.7362478077
132145.0,46416.0,0.10015513261947104,13235.0,64000786.406249285,11,0.11449544061447652,1895.0,4453649.889986351,0.10522532067047562,670.0,957777.8623405918,0.10403723182867305,513.0,1587889.1107237786,0.13685724015286238,4850.0,10112259.824720204,0.08856937455068296,1531.0,6850670.928700656,0.0938817208369594,829.0,1774752.5817477852,0.09979189526656325,48.0,582353.145169124,0.09681788943963071,441.0,1238388.6690402478,0.09584168905369102,570.0,1866139.1362884566
72505.0,29974.0,0.1520998551824012,11028.0,56028266.786144,13,0.1622508792497069,736.0,3833323.4295015484,0.15852699813805946,466.0,521361.3655579239,0.15907868422867388,506.0,1434850.8552200273,0.18099441417833254,2095.0,6734207.254818648,0.1162402592924626,2600.0,4356284.665596053,0.13999034549341424,878.0,1697385.4691011608,0.1520998551824012,0.0,388290.0,0.14932763257706366,201.0,836511.0569678918,0.14910695814081787,217.0,1268299.9718455076
32076.0,13591.0,0.06462775907220351,2073.0,13762618.850225886,14,0.06462775907220351,0.0,850573.4799999986,0.06462775907220351,0.0,51000.0,0.06462775907220351,0.0,340229.39199999906,0.06624890884150143,52.0,1294041.9134809338,0.061510163362015216,100.0,781958.0551065747,0.06275720164609054,60.0,437186.17884271406,0.06275720164609054,60.0,53363.159402716905,0.06275720164609054,60.0,115348.1594027169,0.061510163362015216,100.0,177160.5650265757
97087.0,37402.0,0.12306487995303182,11948.0,62488612.95839706,15,0.14071914880468034,1714.0,3685355.244458556,0.12400218360851607,91.0,358824.999671787,0.1281324997167489,492.0,1306938.0817379653,0.1630908360542606,3886.0,6972755.950635821,0.10817102186698528,1446.0,5661449.10874325,0.11487634801775727,795.0,1527759.4353463799,0.12253957790435382,51.0,457660.2210776508,0.11691575597144829,597.0,966767.1098787934,0.11691575597144829,597.0,1438392.1098787934
95970.0,33839.0,0.08403667812858184,8065.0,35324604.74613224,16,0.10808586016463478,2308.0,3640712.364663154,0.09588413045743462,1137.0,966102.6321275458,0.08899656142544546,476.0,1120991.4007001668,0.1259768677711785,4025.0,8303568.1863411665,0.07230384495154736,1126.0,3912803.4719616175,0.0800875273522976,379.0,1318927.3835213035,0.08403667812858184,0.0,351330.0,0.08066062311138898,324.0,746844.6132402122,0.08066062311138898,324.0,1127574.6132402122
73009.0,35948.0,0.1392157131312578,10164.0,60194531.3475979,19,0.14614636551658014,506.0,3386894.033371523,0.14531085208672903,445.0,576448.3612130061,0.14174964730375708,185.0,1273148.2391324043,0.1551589530057938,1164.0,6298468.790006235,0.12546398389239682,1004.0,2912507.876047492,0.1319015463846923,534.0,1568545.3133548796,0.13550384199208318,271.0,262091.6948785931,0.1350518429234752,304.0,544340.8100435361,0.13351778547850265,416.0,826486.6266808882
40955.0,23328.0,0.14462214625808814,5923.0,44431122.753054574,21,0.15336344768648516,358.0,1124752.68630331,0.14462214625808814,0.0,81600.0,0.14462214625808814,0.0,428610.2880000025,0.1603955560981565,646.0,2557155.3806256875,0.13666219020876572,326.0,883127.0455195606,0.13763887193260896,286.0,524995.4766808897,0.14462214625808814,0.0,74970.0,0.14462214625808814,0.0,162435.0,0.14320595775851544,58.0,248265.66695439816
120902.0,50169.0,0.11040346727101288,13348.0,79318935.57920673,23,0.11931977965625051,1078.0,3835978.0706686974,0.1134968817720137,374.0,581058.3796746135,0.11114787183007725,90.0,1304451.1220940202,0.1283022613356272,2164.0,7155127.955908865,0.09592893417809466,1750.0,4471489.92789869,0.10128864700335809,1102.0,1591806.3589078486,0.10908008138823179,160.0,394109.7108924538,0.10778978015252022,316.0,845673.1805620492,0.1071198160493623,397.0,1280387.7843891382
76452.0,28417.0,0.05782713336472558,4421.0,28195194.80071035,24,0.06716632658400042,714.0,885834.0300585479,0.06253597028200701,360.0,44193.02903784439,0.05853345890231779,54.0,298293.4760473259,0.07081567519489353,993.0,1916778.895403035,0.05059383665567938,553.0,1236426.194148101,0.056885365981269295,72.0,411001.68398942053,0.0565845236226652,95.0,103303.51102405041,0.056270601161513105,119.0,221041.3931583315,0.05522419295767279,199.0,330663.78745517135
65863.0,22623.0,0.07958945082975266,5242.0,30603228.444423616,25,0.1155428692892823,2368.0,2721268.6027800962,0.10271320771905319,1523.0,1182535.7746095322,0.09472693317947861,997.0,562254.8221013322,0.13268451178962393,3497.0,7400997.2106340155,0.07125396656696475,549.0,1469292.2854856253,0.07312147943458391,426.0,501403.9760821238,0.07767638886780134,126.0,137158.2900275141,0.07690205426415438,177.0,290354.39851984754,0.07690205426415438,177.0,440784.39851984754
