check,model,dotax
"take-up factor, EITC",0.98085506233167,
"take-up factor, food/excise",0.7454582614486249,
TY2024 EITC $M (fit),76.981028,76.981028
TY2024 EITC claims,82671.68186557869,78399.0
TY2023 EITC $M (out of sample),73.71985646633227,77.054
TY2023 EITC claims (out of sample),82824.34246796842,84470.0
TY2023 food/excise $M (fit),63.957,63.957
TY2023 food/excise claims,249579.68090942246,249806.0
"TY2022 food/excise $M, prior table (out of sample)",24.489954137792576,24.961
"TY2022 food/excise claims, prior table",205246.26490149036,208786.0
