class,returns_model,returns_actual,agi_model_M,agi_actual_M,returns_err_pct,agi_err_M,agi_err_pct
$0K-$10K,33832.80702680837,35364,257.108716963666,231.0,-4.329807072705666,26.108716963665984,11.30247487604588
$10K-$20K,59332.53503788504,55687,870.5512155914505,831.0,6.546474110447756,39.5512155914505,4.759472393676353
$20K-$30K,53905.58083759365,53308,1353.9968979864082,1334.0,1.1209965438464147,19.996897986408158,1.4990178400605816
$30K-$40K,65582.83121640688,57213,2278.9883403220892,2004.0,14.629247227739986,274.98834032208924,13.721973069964534
$40K-$50K,52249.944804634804,54078,2339.082967165375,2426.0,-3.380404592191271,-86.91703283462493,-3.58273012508759
$50K-$75K,100904.64675736356,95675,6204.790323555618,5868.0,5.466053574458908,336.79032355561776,5.7394397333949865
$75K-$100K,63064.913096567325,57507,5470.84661831193,4983.0,9.664759240731259,487.8466183119299,9.790219111216736
$100K-$150K,71474.65039023643,65370,8728.930947149653,7963.0,9.338611580597268,765.9309471496526,9.618622970609728
$150K-$200K,33283.23686366979,30251,5721.740595955615,5202.0,10.023592157845316,519.7405959556154,9.991168703491262
$200K-$300K,21268.04525541086,21328,5084.79818033981,5090.0,-0.2811081422971695,-5.201819660190267,-0.10219684990550623
$300K-$400K,6998.401966192009,6596,2389.5269926152846,2258.0,6.100696879806083,131.5269926152846,5.824933242483818
$400K+,8411.109338628845,8917,12766.694531608146,9319.0,-5.673328040497422,3447.6945316081456,36.996400167487344
Total,570308.7025913976,541294,53467.05632756504,47510.0,5.360248329262391,5957.056327565042,12.53853152507902
