class,returns_model,returns_actual,tax_model_M,tax_actual_M,returns_err,returns_err_pct,tax_err_M,tax_err_pct,avg_tax_model,avg_tax_actual
Loss,1108.3942991113665,13506,0.0,0.0,-12397.605700888633,-91.79331927209117,0.0,,0.0,0.0
$0K-$10K,107174.40708121915,110447,1.3940180669437405,3.0,-3272.5929187808506,-2.9630437393327576,-1.6059819330562595,-53.53273110187532,13.007005169502104,27.162349362137494
$10K-$20K,59646.1720727694,63776,18.44682627280277,21.0,-4129.827927230603,-6.475520457900468,-2.5531737271972297,-12.157970129510618,309.2709159993924,329.27747114902155
$20K-$30K,53905.58083759365,56358,50.00475778493229,50.0,-2452.4191624063533,-4.351501406022842,0.004757784932287734,0.009515569864575468,927.6360074031345,887.1854927428227
$30K-$40K,65582.83121640688,58625,97.80829073752153,90.0,6957.8312164068775,11.868368812634333,7.808290737521531,8.675878597246147,1491.3703620811784,1535.181236673774
$40K-$50K,52249.944804634804,54823,113.59031897194964,120.0,-2573.0551953651957,-4.693386343989194,-6.4096810280503576,-5.341400856708631,2173.9796931206265,2188.862338799409
$50K-$75K,100904.64675736356,96433,323.32643818598865,311.0,4471.64675736356,4.6370503431020085,12.32643818598865,3.9634849472632316,3204.2769939372865,3225.037072371491
$75K-$100K,63064.913096567325,57836,287.1000068235912,277.0,5228.913096567325,9.040931420857813,10.100006823591173,3.6462118496719036,4552.452270630629,4789.40452313438
$100K-$150K,71474.65039023643,65585,480.8670060884302,467.0,5889.650390236435,8.980178989458619,13.867006088430173,2.9693803187216647,6727.7979460269935,7120.530609133186
$150K-$200K,33283.23686366979,30326,322.1093812710479,319.0,2957.2368636697865,9.751490020674625,3.10938127104788,0.974727671174884,9677.826185909382,10519.026577853987
$200K-$300K,21268.04525541086,21375,306.2233591733493,349.0,-106.95474458914032,-0.5003730741012412,-42.77664082665069,-12.256917142306788,14398.284162736687,16327.48538011696
$300K-$400K,6998.401966192009,6607,148.75831955846513,166.0,391.40196619200924,5.924049738035557,-17.241680441534868,-10.38655448285233,21256.041061529355,25124.867564704102
$400K-$500K,2893.0982322469936,2952,98.0731388301972,103.0,-58.901767753006425,-1.9953173358064507,-4.926861169802805,-4.78336035903185,33899.00064126975,34891.59891598916
$500K-$750K,2549.000629968688,3120,102.77332409295906,157.0,-570.9993700313121,-18.301261859977952,-54.22667590704094,-34.53928401722353,40319.06578784232,50320.51282051282
"$750K-$1,000K",1145.0104764131743,1158,79.43242715737999,87.0,-12.989523586825726,-1.1217205169970403,-7.5675728426200095,-8.6983595892184,69372.66408793711,75129.53367875647
$1M+,1823.9999999999995,1704,760.5196256797492,441.0,119.99999999999955,7.042253521126734,319.5196256797492,72.45342985935356,416951.5491665293,258802.81690140846
Total,645072.3339798041,644631,3190.4272386953076,2960.0,441.3339798040688,0.06846304006541243,230.42723869530755,7.784704009976606,4945.844164501394,4591.774208810933
