source,document,url,page,period,county,type,band_lo,band_hi,count,basis
hawaii_life,Luxury Market Report 2026 Midyear,https://smarket.hawaiilife.com/products/hl-luxury-market-report-2026-midyear,30,2022H2,Hawaii,condo,10000000,inf,0,chart
hawaii_life,Luxury Market Report 2026 Midyear,https://smarket.hawaiilife.com/products/hl-luxury-market-report-2026-midyear,30,2023H1,Hawaii,condo,10000000,inf,0,chart
hawaii_life,Luxury Market Report 2026 Midyear,https://smarket.hawaiilife.com/products/hl-luxury-market-report-2026-midyear,30,2023H2,Hawaii,condo,10000000,inf,0,chart
hawaii_life,Luxury Market Report 2026 Midyear,https://smarket.hawaiilife.com/products/hl-luxury-market-report-2026-midyear,30,2024H1,Hawaii,condo,10000000,inf,1,chart
hawaii_life,Luxury Market Report 2026 Midyear,https://smarket.hawaiilife.com/products/hl-luxury-market-report-2026-midyear,30,2024H2,Hawaii,condo,10000000,inf,0,chart
hawaii_life,Luxury Market Report 2026 Midyear,https://smarket.hawaiilife.com/products/hl-luxury-market-report-2026-midyear,30,2025H1,Hawaii,condo,10000000,inf,1,chart
hawaii_life,Luxury Market Report 2026 Midyear,https://smarket.hawaiilife.com/products/hl-luxury-market-report-2026-midyear,30,2025H2,Hawaii,condo,10000000,inf,0,chart
hawaii_life,Luxury Market Report 2026 Midyear,https://smarket.hawaiilife.com/products/hl-luxury-market-report-2026-midyear,30,2026H1,Hawaii,condo,10000000,inf,1,chart
hawaii_life,Luxury Market Report 2026 Midyear,https://smarket.hawaiilife.com/products/hl-luxury-market-report-2026-midyear,30,2022H2,Hawaii,house,10000000,inf,4,chart
hawaii_life,Luxury Market Report 2026 Midyear,https://smarket.hawaiilife.com/products/hl-luxury-market-report-2026-midyear,30,2023H1,Hawaii,house,10000000,inf,4,chart
hawaii_life,Luxury Market Report 2026 Midyear,https://smarket.hawaiilife.com/products/hl-luxury-market-report-2026-midyear,30,2023H2,Hawaii,house,10000000,inf,8,chart
hawaii_life,Luxury Market Report 2026 Midyear,https://smarket.hawaiilife.com/products/hl-luxury-market-report-2026-midyear,30,2024H1,Hawaii,house,10000000,inf,11,chart
hawaii_life,Luxury Market Report 2026 Midyear,https://smarket.hawaiilife.com/products/hl-luxury-market-report-2026-midyear,30,2024H2,Hawaii,house,10000000,inf,7,chart
hawaii_life,Luxury Market Report 2026 Midyear,https://smarket.hawaiilife.com/products/hl-luxury-market-report-2026-midyear,30,2025H1,Hawaii,house,10000000,inf,15,chart
hawaii_life,Luxury Market Report 2026 Midyear,https://smarket.hawaiilife.com/products/hl-luxury-market-report-2026-midyear,30,2025H2,Hawaii,house,10000000,inf,8,chart
hawaii_life,Luxury Market Report 2026 Midyear,https://smarket.hawaiilife.com/products/hl-luxury-market-report-2026-midyear,30,2026H1,Hawaii,house,10000000,inf,15,chart
hawaii_life,Luxury Market Report 2026 Midyear,https://smarket.hawaiilife.com/products/hl-luxury-market-report-2026-midyear,12,2022H2,Honolulu,condo,10000000,inf,1,chart
hawaii_life,Luxury Market Report 2026 Midyear,https://smarket.hawaiilife.com/products/hl-luxury-market-report-2026-midyear,12,2023H1,Honolulu,condo,10000000,inf,2,chart
hawaii_life,Luxury Market Report 2026 Midyear,https://smarket.hawaiilife.com/products/hl-luxury-market-report-2026-midyear,12,2023H2,Honolulu,condo,10000000,inf,2,chart
hawaii_life,Luxury Market Report 2026 Midyear,https://smarket.hawaiilife.com/products/hl-luxury-market-report-2026-midyear,12,2024H1,Honolulu,condo,10000000,inf,0,chart
hawaii_life,Luxury Market Report 2026 Midyear,https://smarket.hawaiilife.com/products/hl-luxury-market-report-2026-midyear,12,2024H2,Honolulu,condo,10000000,inf,0,chart
hawaii_life,Luxury Market Report 2026 Midyear,https://smarket.hawaiilife.com/products/hl-luxury-market-report-2026-midyear,12,2025H1,Honolulu,condo,10000000,inf,1,chart
hawaii_life,Luxury Market Report 2026 Midyear,https://smarket.hawaiilife.com/products/hl-luxury-market-report-2026-midyear,12,2025H2,Honolulu,condo,10000000,inf,2,chart
hawaii_life,Luxury Market Report 2026 Midyear,https://smarket.hawaiilife.com/products/hl-luxury-market-report-2026-midyear,12,2026H1,Honolulu,condo,10000000,inf,4,chart
hawaii_life,Luxury Market Report 2026 Midyear,https://smarket.hawaiilife.com/products/hl-luxury-market-report-2026-midyear,12,2022H2,Honolulu,house,10000000,inf,1,chart
hawaii_life,Luxury Market Report 2026 Midyear,https://smarket.hawaiilife.com/products/hl-luxury-market-report-2026-midyear,12,2023H1,Honolulu,house,10000000,inf,2,chart
hawaii_life,Luxury Market Report 2026 Midyear,https://smarket.hawaiilife.com/products/hl-luxury-market-report-2026-midyear,12,2023H2,Honolulu,house,10000000,inf,1,chart
hawaii_life,Luxury Market Report 2026 Midyear,https://smarket.hawaiilife.com/products/hl-luxury-market-report-2026-midyear,12,2024H1,Honolulu,house,10000000,inf,6,chart
hawaii_life,Luxury Market Report 2026 Midyear,https://smarket.hawaiilife.com/products/hl-luxury-market-report-2026-midyear,12,2024H2,Honolulu,house,10000000,inf,2,chart
hawaii_life,Luxury Market Report 2026 Midyear,https://smarket.hawaiilife.com/products/hl-luxury-market-report-2026-midyear,12,2025H1,Honolulu,house,10000000,inf,3,chart
hawaii_life,Luxury Market Report 2026 Midyear,https://smarket.hawaiilife.com/products/hl-luxury-market-report-2026-midyear,12,2025H2,Honolulu,house,10000000,inf,4,chart
hawaii_life,Luxury Market Report 2026 Midyear,https://smarket.hawaiilife.com/products/hl-luxury-market-report-2026-midyear,12,2026H1,Honolulu,house,10000000,inf,4,chart
hawaii_life,Luxury Market Report 2026 Midyear,https://smarket.hawaiilife.com/products/hl-luxury-market-report-2026-midyear,36,2022H2,Kauai,condo,10000000,inf,0,chart
hawaii_life,Luxury Market Report 2026 Midyear,https://smarket.hawaiilife.com/products/hl-luxury-market-report-2026-midyear,36,2023H1,Kauai,condo,10000000,inf,0,chart
hawaii_life,Luxury Market Report 2026 Midyear,https://smarket.hawaiilife.com/products/hl-luxury-market-report-2026-midyear,36,2023H2,Kauai,condo,10000000,inf,0,chart
hawaii_life,Luxury Market Report 2026 Midyear,https://smarket.hawaiilife.com/products/hl-luxury-market-report-2026-midyear,36,2024H1,Kauai,condo,10000000,inf,0,chart
hawaii_life,Luxury Market Report 2026 Midyear,https://smarket.hawaiilife.com/products/hl-luxury-market-report-2026-midyear,36,2024H2,Kauai,condo,10000000,inf,0,chart
hawaii_life,Luxury Market Report 2026 Midyear,https://smarket.hawaiilife.com/products/hl-luxury-market-report-2026-midyear,36,2025H1,Kauai,condo,10000000,inf,0,chart
hawaii_life,Luxury Market Report 2026 Midyear,https://smarket.hawaiilife.com/products/hl-luxury-market-report-2026-midyear,36,2025H2,Kauai,condo,10000000,inf,0,chart
hawaii_life,Luxury Market Report 2026 Midyear,https://smarket.hawaiilife.com/products/hl-luxury-market-report-2026-midyear,36,2026H1,Kauai,condo,10000000,inf,0,chart
hawaii_life,Luxury Market Report 2026 Midyear,https://smarket.hawaiilife.com/products/hl-luxury-market-report-2026-midyear,36,2022H2,Kauai,house,10000000,inf,4,chart
hawaii_life,Luxury Market Report 2026 Midyear,https://smarket.hawaiilife.com/products/hl-luxury-market-report-2026-midyear,36,2023H1,Kauai,house,10000000,inf,0,chart
hawaii_life,Luxury Market Report 2026 Midyear,https://smarket.hawaiilife.com/products/hl-luxury-market-report-2026-midyear,36,2023H2,Kauai,house,10000000,inf,1,chart
hawaii_life,Luxury Market Report 2026 Midyear,https://smarket.hawaiilife.com/products/hl-luxury-market-report-2026-midyear,36,2024H1,Kauai,house,10000000,inf,1,chart
hawaii_life,Luxury Market Report 2026 Midyear,https://smarket.hawaiilife.com/products/hl-luxury-market-report-2026-midyear,36,2024H2,Kauai,house,10000000,inf,3,chart
hawaii_life,Luxury Market Report 2026 Midyear,https://smarket.hawaiilife.com/products/hl-luxury-market-report-2026-midyear,36,2025H1,Kauai,house,10000000,inf,2,chart
hawaii_life,Luxury Market Report 2026 Midyear,https://smarket.hawaiilife.com/products/hl-luxury-market-report-2026-midyear,36,2025H2,Kauai,house,10000000,inf,2,chart
hawaii_life,Luxury Market Report 2026 Midyear,https://smarket.hawaiilife.com/products/hl-luxury-market-report-2026-midyear,36,2026H1,Kauai,house,10000000,inf,2,chart
hawaii_life,Luxury Market Report 2026 Midyear,https://smarket.hawaiilife.com/products/hl-luxury-market-report-2026-midyear,19,2022H2,Maui,condo,10000000,inf,2,chart
hawaii_life,Luxury Market Report 2026 Midyear,https://smarket.hawaiilife.com/products/hl-luxury-market-report-2026-midyear,19,2023H1,Maui,condo,10000000,inf,6,chart
hawaii_life,Luxury Market Report 2026 Midyear,https://smarket.hawaiilife.com/products/hl-luxury-market-report-2026-midyear,19,2023H2,Maui,condo,10000000,inf,7,chart
hawaii_life,Luxury Market Report 2026 Midyear,https://smarket.hawaiilife.com/products/hl-luxury-market-report-2026-midyear,19,2024H1,Maui,condo,10000000,inf,7,chart
hawaii_life,Luxury Market Report 2026 Midyear,https://smarket.hawaiilife.com/products/hl-luxury-market-report-2026-midyear,19,2024H2,Maui,condo,10000000,inf,3,chart
hawaii_life,Luxury Market Report 2026 Midyear,https://smarket.hawaiilife.com/products/hl-luxury-market-report-2026-midyear,19,2025H1,Maui,condo,10000000,inf,3,chart
hawaii_life,Luxury Market Report 2026 Midyear,https://smarket.hawaiilife.com/products/hl-luxury-market-report-2026-midyear,19,2025H2,Maui,condo,10000000,inf,2,chart
hawaii_life,Luxury Market Report 2026 Midyear,https://smarket.hawaiilife.com/products/hl-luxury-market-report-2026-midyear,19,2026H1,Maui,condo,10000000,inf,1,chart
hawaii_life,Luxury Market Report 2026 Midyear,https://smarket.hawaiilife.com/products/hl-luxury-market-report-2026-midyear,19,2022H2,Maui,house,10000000,inf,1,chart
hawaii_life,Luxury Market Report 2026 Midyear,https://smarket.hawaiilife.com/products/hl-luxury-market-report-2026-midyear,19,2023H1,Maui,house,10000000,inf,5,chart
hawaii_life,Luxury Market Report 2026 Midyear,https://smarket.hawaiilife.com/products/hl-luxury-market-report-2026-midyear,19,2023H2,Maui,house,10000000,inf,1,chart
hawaii_life,Luxury Market Report 2026 Midyear,https://smarket.hawaiilife.com/products/hl-luxury-market-report-2026-midyear,19,2024H1,Maui,house,10000000,inf,4,chart
hawaii_life,Luxury Market Report 2026 Midyear,https://smarket.hawaiilife.com/products/hl-luxury-market-report-2026-midyear,19,2024H2,Maui,house,10000000,inf,5,chart
hawaii_life,Luxury Market Report 2026 Midyear,https://smarket.hawaiilife.com/products/hl-luxury-market-report-2026-midyear,19,2025H1,Maui,house,10000000,inf,4,chart
hawaii_life,Luxury Market Report 2026 Midyear,https://smarket.hawaiilife.com/products/hl-luxury-market-report-2026-midyear,19,2025H2,Maui,house,10000000,inf,3,chart
hawaii_life,Luxury Market Report 2026 Midyear,https://smarket.hawaiilife.com/products/hl-luxury-market-report-2026-midyear,19,2026H1,Maui,house,10000000,inf,1,chart
hawaii_life,2022 Year-End Luxury Market Report,https://smarket.hawaiilife.com/s/HL-LuxReport-2022-EOY-web.pdf,18,2022,Hawaii,all,3000000,6000000,113,text
hawaii_life,Luxury Market Report 2025 Q4 YTD,https://smarket.hawaiilife.com/products/hl-luxury-market-report-2025-year-end,21,2025,Hawaii,all,3000000,6000000,67,text
hawaii_life,Luxury Market Report 2026 Midyear,https://smarket.hawaiilife.com/products/hl-luxury-market-report-2026-midyear,29,2026H1,Hawaii,all,3000000,6000000,43,text
hawaii_life,2022 Year-End Luxury Market Report,https://smarket.hawaiilife.com/s/HL-LuxReport-2022-EOY-web.pdf,18,2022,Hawaii,all,6000000,10000000,28,text
hawaii_life,Luxury Market Report 2025 Q4 YTD,https://smarket.hawaiilife.com/products/hl-luxury-market-report-2025-year-end,21,2025,Hawaii,all,6000000,10000000,26,text
hawaii_life,Luxury Market Report 2026 Midyear,https://smarket.hawaiilife.com/products/hl-luxury-market-report-2026-midyear,29,2026H1,Hawaii,all,6000000,10000000,19,text
hawaii_life,2022 Year-End Luxury Market Report,https://smarket.hawaiilife.com/s/HL-LuxReport-2022-EOY-web.pdf,18,2022,Hawaii,all,10000000,inf,16,text
hawaii_life,Luxury Market Report 2025 Q4 YTD,https://smarket.hawaiilife.com/products/hl-luxury-market-report-2025-year-end,21,2025,Hawaii,all,10000000,inf,22,text
hawaii_life,Luxury Market Report 2026 Midyear,https://smarket.hawaiilife.com/products/hl-luxury-market-report-2026-midyear,29,2026H1,Hawaii,all,10000000,inf,17,text
hawaii_life,2022 Year-End Luxury Market Report,https://smarket.hawaiilife.com/s/HL-LuxReport-2022-EOY-web.pdf,18,2022,Hawaii,condo,3000000,inf,64,text
hawaii_life,Luxury Market Report 2025 Q4 YTD,https://smarket.hawaiilife.com/products/hl-luxury-market-report-2025-year-end,21,2025,Hawaii,condo,3000000,inf,44,text
hawaii_life,Luxury Market Report 2026 Midyear,https://smarket.hawaiilife.com/products/hl-luxury-market-report-2026-midyear,29,2026H1,Hawaii,condo,3000000,inf,26,text
hawaii_life,2022 Year-End Luxury Market Report,https://smarket.hawaiilife.com/s/HL-LuxReport-2022-EOY-web.pdf,18,2022,Hawaii,house,3000000,inf,73,text
hawaii_life,Luxury Market Report 2025 Q4 YTD,https://smarket.hawaiilife.com/products/hl-luxury-market-report-2025-year-end,21,2025,Hawaii,house,3000000,inf,56,text
hawaii_life,Luxury Market Report 2026 Midyear,https://smarket.hawaiilife.com/products/hl-luxury-market-report-2026-midyear,29,2026H1,Hawaii,house,3000000,inf,36,text
hawaii_life,Luxury Market Report 2025 Q4 YTD,https://smarket.hawaiilife.com/products/hl-luxury-market-report-2025-year-end,21,2025,Hawaii,house,10000000,inf,17,text
hawaii_life,Luxury Market Report 2026 Midyear,https://smarket.hawaiilife.com/products/hl-luxury-market-report-2026-midyear,29,2026H1,Hawaii,house,10000000,inf,15,text
hawaii_life,2022 Year-End Luxury Market Report,https://smarket.hawaiilife.com/s/HL-LuxReport-2022-EOY-web.pdf,18,2022,Hawaii,land,3000000,inf,20,text
hawaii_life,Luxury Market Report 2025 Q4 YTD,https://smarket.hawaiilife.com/products/hl-luxury-market-report-2025-year-end,21,2025,Hawaii,land,3000000,inf,15,text
hawaii_life,Luxury Market Report 2026 Midyear,https://smarket.hawaiilife.com/products/hl-luxury-market-report-2026-midyear,29,2026H1,Hawaii,land,3000000,inf,17,text
hawaii_life,2022 Year-End Luxury Market Report,https://smarket.hawaiilife.com/s/HL-LuxReport-2022-EOY-web.pdf,8,2022,Honolulu,all,3000000,6000000,178,text
hawaii_life,Luxury Market Report 2025 Q4 YTD,https://smarket.hawaiilife.com/products/hl-luxury-market-report-2025-year-end,11,2025,Honolulu,all,3000000,6000000,155,text
hawaii_life,Luxury Market Report 2026 Midyear,https://smarket.hawaiilife.com/products/hl-luxury-market-report-2026-midyear,11,2026H1,Honolulu,all,3000000,6000000,70,text
hawaii_life,2022 Year-End Luxury Market Report,https://smarket.hawaiilife.com/s/HL-LuxReport-2022-EOY-web.pdf,8,2022,Honolulu,all,6000000,10000000,32,text
hawaii_life,Luxury Market Report 2025 Q4 YTD,https://smarket.hawaiilife.com/products/hl-luxury-market-report-2025-year-end,11,2025,Honolulu,all,6000000,10000000,32,text
hawaii_life,Luxury Market Report 2026 Midyear,https://smarket.hawaiilife.com/products/hl-luxury-market-report-2026-midyear,11,2026H1,Honolulu,all,6000000,10000000,14,text
hawaii_life,2022 Year-End Luxury Market Report,https://smarket.hawaiilife.com/s/HL-LuxReport-2022-EOY-web.pdf,8,2022,Honolulu,all,10000000,inf,14,text
hawaii_life,Luxury Market Report 2025 Q4 YTD,https://smarket.hawaiilife.com/products/hl-luxury-market-report-2025-year-end,11,2025,Honolulu,all,10000000,inf,9,text
hawaii_life,Luxury Market Report 2026 Midyear,https://smarket.hawaiilife.com/products/hl-luxury-market-report-2026-midyear,11,2026H1,Honolulu,all,10000000,inf,8,text
hawaii_life,2022 Year-End Luxury Market Report,https://smarket.hawaiilife.com/s/HL-LuxReport-2022-EOY-web.pdf,8,2022,Honolulu,condo,3000000,inf,57,text
hawaii_life,Luxury Market Report 2025 Q4 YTD,https://smarket.hawaiilife.com/products/hl-luxury-market-report-2025-year-end,11,2025,Honolulu,condo,3000000,inf,48,text
hawaii_life,Luxury Market Report 2026 Midyear,https://smarket.hawaiilife.com/products/hl-luxury-market-report-2026-midyear,11,2026H1,Honolulu,condo,3000000,inf,23,text
hawaii_life,2022 Year-End Luxury Market Report,https://smarket.hawaiilife.com/s/HL-LuxReport-2022-EOY-web.pdf,8,2022,Honolulu,house,3000000,inf,164,text
hawaii_life,Luxury Market Report 2025 Q4 YTD,https://smarket.hawaiilife.com/products/hl-luxury-market-report-2025-year-end,11,2025,Honolulu,house,3000000,inf,144,text
hawaii_life,Luxury Market Report 2026 Midyear,https://smarket.hawaiilife.com/products/hl-luxury-market-report-2026-midyear,11,2026H1,Honolulu,house,3000000,inf,69,text
hawaii_life,Luxury Market Report 2025 Q4 YTD,https://smarket.hawaiilife.com/products/hl-luxury-market-report-2025-year-end,11,2025,Honolulu,house,10000000,inf,7,text
hawaii_life,Luxury Market Report 2026 Midyear,https://smarket.hawaiilife.com/products/hl-luxury-market-report-2026-midyear,11,2026H1,Honolulu,house,10000000,inf,4,text
hawaii_life,2022 Year-End Luxury Market Report,https://smarket.hawaiilife.com/s/HL-LuxReport-2022-EOY-web.pdf,8,2022,Honolulu,land,3000000,inf,3,text
hawaii_life,Luxury Market Report 2025 Q4 YTD,https://smarket.hawaiilife.com/products/hl-luxury-market-report-2025-year-end,11,2025,Honolulu,land,3000000,inf,4,text
hawaii_life,Luxury Market Report 2026 Midyear,https://smarket.hawaiilife.com/products/hl-luxury-market-report-2026-midyear,11,2026H1,Honolulu,land,3000000,inf,0,text
hawaii_life,2022 Year-End Luxury Market Report,https://smarket.hawaiilife.com/s/HL-LuxReport-2022-EOY-web.pdf,43,2022,Kauai,all,3000000,6000000,60,text
hawaii_life,Luxury Market Report 2025 Q4 YTD,https://smarket.hawaiilife.com/products/hl-luxury-market-report-2025-year-end,26,2025,Kauai,all,3000000,6000000,54,text
hawaii_life,Luxury Market Report 2026 Midyear,https://smarket.hawaiilife.com/products/hl-luxury-market-report-2026-midyear,35,2026H1,Kauai,all,3000000,6000000,37,text
hawaii_life,2022 Year-End Luxury Market Report,https://smarket.hawaiilife.com/s/HL-LuxReport-2022-EOY-web.pdf,43,2022,Kauai,all,6000000,10000000,14,text
hawaii_life,Luxury Market Report 2025 Q4 YTD,https://smarket.hawaiilife.com/products/hl-luxury-market-report-2025-year-end,26,2025,Kauai,all,6000000,10000000,22,text
hawaii_life,Luxury Market Report 2026 Midyear,https://smarket.hawaiilife.com/products/hl-luxury-market-report-2026-midyear,35,2026H1,Kauai,all,6000000,10000000,6,text
hawaii_life,2022 Year-End Luxury Market Report,https://smarket.hawaiilife.com/s/HL-LuxReport-2022-EOY-web.pdf,43,2022,Kauai,all,10000000,inf,13,text
hawaii_life,Luxury Market Report 2025 Q4 YTD,https://smarket.hawaiilife.com/products/hl-luxury-market-report-2025-year-end,26,2025,Kauai,all,10000000,inf,7,text
hawaii_life,Luxury Market Report 2026 Midyear,https://smarket.hawaiilife.com/products/hl-luxury-market-report-2026-midyear,35,2026H1,Kauai,all,10000000,inf,2,text
hawaii_life,2022 Year-End Luxury Market Report,https://smarket.hawaiilife.com/s/HL-LuxReport-2022-EOY-web.pdf,43,2022,Kauai,condo,3000000,inf,9,text
hawaii_life,Luxury Market Report 2025 Q4 YTD,https://smarket.hawaiilife.com/products/hl-luxury-market-report-2025-year-end,26,2025,Kauai,condo,3000000,inf,6,text
hawaii_life,Luxury Market Report 2026 Midyear,https://smarket.hawaiilife.com/products/hl-luxury-market-report-2026-midyear,35,2026H1,Kauai,condo,3000000,inf,3,text
hawaii_life,2022 Year-End Luxury Market Report,https://smarket.hawaiilife.com/s/HL-LuxReport-2022-EOY-web.pdf,43,2022,Kauai,house,3000000,inf,73,text
hawaii_life,Luxury Market Report 2025 Q4 YTD,https://smarket.hawaiilife.com/products/hl-luxury-market-report-2025-year-end,26,2025,Kauai,house,3000000,inf,67,text
hawaii_life,Luxury Market Report 2026 Midyear,https://smarket.hawaiilife.com/products/hl-luxury-market-report-2026-midyear,35,2026H1,Kauai,house,3000000,inf,37,text
hawaii_life,Luxury Market Report 2025 Q4 YTD,https://smarket.hawaiilife.com/products/hl-luxury-market-report-2025-year-end,26,2025,Kauai,house,10000000,inf,4,text
hawaii_life,Luxury Market Report 2026 Midyear,https://smarket.hawaiilife.com/products/hl-luxury-market-report-2026-midyear,35,2026H1,Kauai,house,10000000,inf,2,text
hawaii_life,2022 Year-End Luxury Market Report,https://smarket.hawaiilife.com/s/HL-LuxReport-2022-EOY-web.pdf,43,2022,Kauai,land,3000000,inf,5,text
hawaii_life,Luxury Market Report 2025 Q4 YTD,https://smarket.hawaiilife.com/products/hl-luxury-market-report-2025-year-end,26,2025,Kauai,land,3000000,inf,10,text
hawaii_life,Luxury Market Report 2026 Midyear,https://smarket.hawaiilife.com/products/hl-luxury-market-report-2026-midyear,35,2026H1,Kauai,land,3000000,inf,5,text
hawaii_life,2022 Year-End Luxury Market Report,https://smarket.hawaiilife.com/s/HL-LuxReport-2022-EOY-web.pdf,31,2022,Maui,all,3000000,6000000,137,text
hawaii_life,Luxury Market Report 2025 Q4 YTD,https://smarket.hawaiilife.com/products/hl-luxury-market-report-2025-year-end,16,2025,Maui,all,3000000,6000000,83,text
hawaii_life,Luxury Market Report 2026 Midyear,https://smarket.hawaiilife.com/products/hl-luxury-market-report-2026-midyear,18,2026H1,Maui,all,3000000,6000000,41,text
hawaii_life,2022 Year-End Luxury Market Report,https://smarket.hawaiilife.com/s/HL-LuxReport-2022-EOY-web.pdf,31,2022,Maui,all,6000000,10000000,27,text
hawaii_life,Luxury Market Report 2025 Q4 YTD,https://smarket.hawaiilife.com/products/hl-luxury-market-report-2025-year-end,16,2025,Maui,all,6000000,10000000,28,text
hawaii_life,Luxury Market Report 2026 Midyear,https://smarket.hawaiilife.com/products/hl-luxury-market-report-2026-midyear,18,2026H1,Maui,all,6000000,10000000,5,text
hawaii_life,2022 Year-End Luxury Market Report,https://smarket.hawaiilife.com/s/HL-LuxReport-2022-EOY-web.pdf,31,2022,Maui,all,10000000,inf,20,text
hawaii_life,Luxury Market Report 2025 Q4 YTD,https://smarket.hawaiilife.com/products/hl-luxury-market-report-2025-year-end,16,2025,Maui,all,10000000,inf,14,text
hawaii_life,Luxury Market Report 2026 Midyear,https://smarket.hawaiilife.com/products/hl-luxury-market-report-2026-midyear,18,2026H1,Maui,all,10000000,inf,2,text
hawaii_life,2022 Year-End Luxury Market Report,https://smarket.hawaiilife.com/s/HL-LuxReport-2022-EOY-web.pdf,31,2022,Maui,condo,3000000,inf,72,text
hawaii_life,Luxury Market Report 2025 Q4 YTD,https://smarket.hawaiilife.com/products/hl-luxury-market-report-2025-year-end,16,2025,Maui,condo,3000000,inf,41,text
hawaii_life,Luxury Market Report 2026 Midyear,https://smarket.hawaiilife.com/products/hl-luxury-market-report-2026-midyear,18,2026H1,Maui,condo,3000000,inf,16,text
hawaii_life,2022 Year-End Luxury Market Report,https://smarket.hawaiilife.com/s/HL-LuxReport-2022-EOY-web.pdf,31,2022,Maui,house,3000000,inf,99,text
hawaii_life,Luxury Market Report 2025 Q4 YTD,https://smarket.hawaiilife.com/products/hl-luxury-market-report-2025-year-end,16,2025,Maui,house,3000000,inf,71,text
hawaii_life,Luxury Market Report 2026 Midyear,https://smarket.hawaiilife.com/products/hl-luxury-market-report-2026-midyear,18,2026H1,Maui,house,3000000,inf,27,text
hawaii_life,Luxury Market Report 2025 Q4 YTD,https://smarket.hawaiilife.com/products/hl-luxury-market-report-2025-year-end,16,2025,Maui,house,10000000,inf,7,text
hawaii_life,Luxury Market Report 2026 Midyear,https://smarket.hawaiilife.com/products/hl-luxury-market-report-2026-midyear,18,2026H1,Maui,house,10000000,inf,1,text
hawaii_life,2022 Year-End Luxury Market Report,https://smarket.hawaiilife.com/s/HL-LuxReport-2022-EOY-web.pdf,31,2022,Maui,land,3000000,inf,13,text
hawaii_life,Luxury Market Report 2025 Q4 YTD,https://smarket.hawaiilife.com/products/hl-luxury-market-report-2025-year-end,16,2025,Maui,land,3000000,inf,13,text
hawaii_life,Luxury Market Report 2026 Midyear,https://smarket.hawaiilife.com/products/hl-luxury-market-report-2026-midyear,18,2026H1,Maui,land,3000000,inf,5,text
list_sothebys,Oʻahu Quarterly Luxury Market Report 2022 Q3,https://listsothebysrealty.com/2022/11/07/luxury-market-report-2022-q3,,2022Q3,Honolulu,condo,1000000,2500000,97,text
list_sothebys,Oʻahu Quarterly Luxury Market Report 2022 Q4,https://listsothebysrealty.com/2023/02/01/luxury-market-report-2022-q4,,2022Q4,Honolulu,condo,1000000,2500000,93,text
list_sothebys,Oʻahu Quarterly Luxury Market Report 2023 Q1,https://listsothebysrealty.com/2023/05/02/luxury-market-report-2023-q1,,2023Q1,Honolulu,condo,1000000,2500000,94,text
list_sothebys,Oʻahu Quarterly Luxury Market Report 2023 Q2,https://listsothebysrealty.com/2023/07/26/luxury-market-report-2023-q2,,2023Q2,Honolulu,condo,1000000,2500000,95,text
list_sothebys,Oʻahu Quarterly Luxury Market Report 2023 Q3,https://listsothebysrealty.com/2023/10/26/luxury-market-report-2023-q3,,2023Q3,Honolulu,condo,1000000,2500000,105,text
list_sothebys,Oʻahu Quarterly Luxury Market Report 2023 Q4,https://listsothebysrealty.com/2024/02/02/luxury-market-report-2023-q4,,2023Q4,Honolulu,condo,1000000,2500000,84,text
list_sothebys,Oʻahu Quarterly Luxury Market Report 2024 Q1,https://listsothebysrealty.com/2024/04/24/luxury-market-report-2024-q1,,2024Q1,Honolulu,condo,1000000,2500000,61,text
list_sothebys,Oʻahu Quarterly Luxury Market Report 2024 Q2,https://listsothebysrealty.com/2024/08/01/luxury-market-report-2024-q2,,2024Q2,Honolulu,condo,1000000,2500000,120,text
list_sothebys,Oʻahu Quarterly Luxury Market Report 2024 Q3,https://listsothebysrealty.com/2024/10/24/luxury-market-report-2024-q3,,2024Q3,Honolulu,condo,1000000,2500000,116,text
list_sothebys,Oʻahu Quarterly Luxury Market Report 2024 Q4,https://listsothebysrealty.com/2025/01/28/luxury-market-report-2024-q4,,2024Q4,Honolulu,condo,1000000,2500000,87,text
list_sothebys,Oʻahu Quarterly Luxury Market Report 2025 Q1,https://listsothebysrealty.com/2025/04/23/luxury-market-report-2025-q1,,2025Q1,Honolulu,condo,1000000,2500000,85,text
list_sothebys,Oʻahu Quarterly Luxury Market Report 2025 Q2,https://listsothebysrealty.com/2025/07/30/luxury-market-report-2025-q2,,2025Q2,Honolulu,condo,1000000,2500000,102,text
list_sothebys,Oʻahu Quarterly Luxury Market Report 2025 Q3,https://listsothebysrealty.com/2025/10/23/luxury-market-report-2025-q3,,2025Q3,Honolulu,condo,1000000,2500000,117,text
list_sothebys,Oʻahu Quarterly Luxury Market Report 2025 Q4,https://listsothebysrealty.com/2026/02/06/luxury-market-report-2025-q4,,2025Q4,Honolulu,condo,1000000,2500000,101,text
list_sothebys,Oʻahu Quarterly Luxury Market Report 2026 Q2,https://listsothebysrealty.com/2026/07/27/luxury-market-report-2026-q2,,2026Q2,Honolulu,condo,1000000,2500000,111,text
list_sothebys,Oʻahu Quarterly Luxury Market Report 2022 Q3,https://listsothebysrealty.com/2022/11/07/luxury-market-report-2022-q3,,2022Q3,Honolulu,condo,2500000,inf,14,text
list_sothebys,Oʻahu Quarterly Luxury Market Report 2022 Q4,https://listsothebysrealty.com/2023/02/01/luxury-market-report-2022-q4,,2022Q4,Honolulu,condo,2500000,inf,18,text
list_sothebys,Oʻahu Quarterly Luxury Market Report 2023 Q1,https://listsothebysrealty.com/2023/05/02/luxury-market-report-2023-q1,,2023Q1,Honolulu,condo,2500000,inf,7,text
list_sothebys,Oʻahu Quarterly Luxury Market Report 2023 Q2,https://listsothebysrealty.com/2023/07/26/luxury-market-report-2023-q2,,2023Q2,Honolulu,condo,2500000,inf,13,text
list_sothebys,Oʻahu Quarterly Luxury Market Report 2023 Q3,https://listsothebysrealty.com/2023/10/26/luxury-market-report-2023-q3,,2023Q3,Honolulu,condo,2500000,inf,14,text
list_sothebys,Oʻahu Quarterly Luxury Market Report 2023 Q4,https://listsothebysrealty.com/2024/02/02/luxury-market-report-2023-q4,,2023Q4,Honolulu,condo,2500000,inf,14,text
list_sothebys,Oʻahu Quarterly Luxury Market Report 2024 Q1,https://listsothebysrealty.com/2024/04/24/luxury-market-report-2024-q1,,2024Q1,Honolulu,condo,2500000,inf,10,text
list_sothebys,Oʻahu Quarterly Luxury Market Report 2024 Q2,https://listsothebysrealty.com/2024/08/01/luxury-market-report-2024-q2,,2024Q2,Honolulu,condo,2500000,inf,15,text
list_sothebys,Oʻahu Quarterly Luxury Market Report 2024 Q3,https://listsothebysrealty.com/2024/10/24/luxury-market-report-2024-q3,,2024Q3,Honolulu,condo,2500000,inf,6,text
list_sothebys,Oʻahu Quarterly Luxury Market Report 2024 Q4,https://listsothebysrealty.com/2025/01/28/luxury-market-report-2024-q4,,2024Q4,Honolulu,condo,2500000,inf,18,text
list_sothebys,Oʻahu Quarterly Luxury Market Report 2025 Q1,https://listsothebysrealty.com/2025/04/23/luxury-market-report-2025-q1,,2025Q1,Honolulu,condo,2500000,inf,16,text
list_sothebys,Oʻahu Quarterly Luxury Market Report 2025 Q2,https://listsothebysrealty.com/2025/07/30/luxury-market-report-2025-q2,,2025Q2,Honolulu,condo,2500000,inf,20,text
list_sothebys,Oʻahu Quarterly Luxury Market Report 2025 Q3,https://listsothebysrealty.com/2025/10/23/luxury-market-report-2025-q3,,2025Q3,Honolulu,condo,2500000,inf,23,text
list_sothebys,Oʻahu Quarterly Luxury Market Report 2025 Q4,https://listsothebysrealty.com/2026/02/06/luxury-market-report-2025-q4,,2025Q4,Honolulu,condo,2500000,inf,24,text
list_sothebys,Oʻahu Quarterly Luxury Market Report 2026 Q1,https://listsothebysrealty.com/2026/04/29/luxury-market-report-2026-q1,,2026Q1,Honolulu,condo,2500000,inf,13,text
list_sothebys,Oʻahu Quarterly Luxury Market Report 2026 Q2,https://listsothebysrealty.com/2026/07/27/luxury-market-report-2026-q2,,2026Q2,Honolulu,condo,2500000,inf,23,text
list_sothebys,Oʻahu Quarterly Luxury Market Report 2022 Q3,https://listsothebysrealty.com/2022/11/07/luxury-market-report-2022-q3,,2022Q3,Honolulu,condo,5000000,inf,2,text
list_sothebys,Oʻahu Quarterly Luxury Market Report 2022 Q4,https://listsothebysrealty.com/2023/02/01/luxury-market-report-2022-q4,,2022Q4,Honolulu,condo,5000000,inf,4,text
list_sothebys,Oʻahu Quarterly Luxury Market Report 2023 Q1,https://listsothebysrealty.com/2023/05/02/luxury-market-report-2023-q1,,2023Q1,Honolulu,condo,5000000,inf,4,text
list_sothebys,Oʻahu Quarterly Luxury Market Report 2023 Q2,https://listsothebysrealty.com/2023/07/26/luxury-market-report-2023-q2,,2023Q2,Honolulu,condo,5000000,inf,6,text
list_sothebys,Oʻahu Quarterly Luxury Market Report 2023 Q3,https://listsothebysrealty.com/2023/10/26/luxury-market-report-2023-q3,,2023Q3,Honolulu,condo,5000000,inf,4,text
list_sothebys,Oʻahu Quarterly Luxury Market Report 2023 Q4,https://listsothebysrealty.com/2024/02/02/luxury-market-report-2023-q4,,2023Q4,Honolulu,condo,5000000,inf,6,text
list_sothebys,Oʻahu Quarterly Luxury Market Report 2024 Q1,https://listsothebysrealty.com/2024/04/24/luxury-market-report-2024-q1,,2024Q1,Honolulu,condo,5000000,inf,1,text
list_sothebys,Oʻahu Quarterly Luxury Market Report 2024 Q3,https://listsothebysrealty.com/2024/10/24/luxury-market-report-2024-q3,,2024Q3,Honolulu,condo,5000000,inf,3,text
list_sothebys,Oʻahu Quarterly Luxury Market Report 2025 Q1,https://listsothebysrealty.com/2025/04/23/luxury-market-report-2025-q1,,2025Q1,Honolulu,condo,5000000,inf,3,text
list_sothebys,Oʻahu Quarterly Luxury Market Report 2025 Q2,https://listsothebysrealty.com/2025/07/30/luxury-market-report-2025-q2,,2025Q2,Honolulu,condo,5000000,inf,5,text
list_sothebys,Oʻahu Quarterly Luxury Market Report 2025 Q3,https://listsothebysrealty.com/2025/10/23/luxury-market-report-2025-q3,,2025Q3,Honolulu,condo,5000000,inf,6,text
list_sothebys,Oʻahu Quarterly Luxury Market Report 2025 Q4,https://listsothebysrealty.com/2026/02/06/luxury-market-report-2025-q4,,2025Q4,Honolulu,condo,5000000,inf,9,text
list_sothebys,Oʻahu Quarterly Luxury Market Report 2026 Q2,https://listsothebysrealty.com/2026/07/27/luxury-market-report-2026-q2,,2026Q2,Honolulu,condo,5000000,inf,10,text
list_sothebys,Oʻahu Quarterly Luxury Market Report 2022 Q3,https://listsothebysrealty.com/2022/11/07/luxury-market-report-2022-q3,,2022Q3,Honolulu,house,2000000,3000000,64,text
list_sothebys,Oʻahu Quarterly Luxury Market Report 2022 Q4,https://listsothebysrealty.com/2023/02/01/luxury-market-report-2022-q4,,2022Q4,Honolulu,house,2000000,3000000,41,text
list_sothebys,Oʻahu Quarterly Luxury Market Report 2023 Q1,https://listsothebysrealty.com/2023/05/02/luxury-market-report-2023-q1,,2023Q1,Honolulu,house,2000000,3000000,37,text
list_sothebys,Oʻahu Quarterly Luxury Market Report 2023 Q2,https://listsothebysrealty.com/2023/07/26/luxury-market-report-2023-q2,,2023Q2,Honolulu,house,2000000,3000000,47,text
list_sothebys,Oʻahu Quarterly Luxury Market Report 2023 Q3,https://listsothebysrealty.com/2023/10/26/luxury-market-report-2023-q3,,2023Q3,Honolulu,house,2000000,3000000,43,text
list_sothebys,Oʻahu Quarterly Luxury Market Report 2023 Q4,https://listsothebysrealty.com/2024/02/02/luxury-market-report-2023-q4,,2023Q4,Honolulu,house,2000000,3000000,32,text
list_sothebys,Oʻahu Quarterly Luxury Market Report 2024 Q1,https://listsothebysrealty.com/2024/04/24/luxury-market-report-2024-q1,,2024Q1,Honolulu,house,2000000,3000000,48,text
list_sothebys,Oʻahu Quarterly Luxury Market Report 2024 Q2,https://listsothebysrealty.com/2024/08/01/luxury-market-report-2024-q2,,2024Q2,Honolulu,house,2000000,3000000,52,text
list_sothebys,Oʻahu Quarterly Luxury Market Report 2024 Q3,https://listsothebysrealty.com/2024/10/24/luxury-market-report-2024-q3,,2024Q3,Honolulu,house,2000000,3000000,50,text
list_sothebys,Oʻahu Quarterly Luxury Market Report 2024 Q4,https://listsothebysrealty.com/2025/01/28/luxury-market-report-2024-q4,,2024Q4,Honolulu,house,2000000,3000000,39,text
list_sothebys,Oʻahu Quarterly Luxury Market Report 2025 Q1,https://listsothebysrealty.com/2025/04/23/luxury-market-report-2025-q1,,2025Q1,Honolulu,house,2000000,3000000,48,text
list_sothebys,Oʻahu Quarterly Luxury Market Report 2025 Q2,https://listsothebysrealty.com/2025/07/30/luxury-market-report-2025-q2,,2025Q2,Honolulu,house,2000000,3000000,57,text
list_sothebys,Oʻahu Quarterly Luxury Market Report 2025 Q3,https://listsothebysrealty.com/2025/10/23/luxury-market-report-2025-q3,,2025Q3,Honolulu,house,2000000,3000000,25,text
list_sothebys,Oʻahu Quarterly Luxury Market Report 2025 Q4,https://listsothebysrealty.com/2026/02/06/luxury-market-report-2025-q4,,2025Q4,Honolulu,house,2000000,3000000,60,text
list_sothebys,Oʻahu Quarterly Luxury Market Report 2026 Q1,https://listsothebysrealty.com/2026/04/29/luxury-market-report-2026-q1,,2026Q1,Honolulu,house,2000000,3000000,47,text
list_sothebys,Oʻahu Quarterly Luxury Market Report 2026 Q2,https://listsothebysrealty.com/2026/07/27/luxury-market-report-2026-q2,,2026Q2,Honolulu,house,2000000,3000000,67,text
list_sothebys,Oʻahu Quarterly Luxury Market Report 2022 Q3,https://listsothebysrealty.com/2022/11/07/luxury-market-report-2022-q3,,2022Q3,Honolulu,house,3000000,5000000,21,text
list_sothebys,Oʻahu Quarterly Luxury Market Report 2022 Q4,https://listsothebysrealty.com/2023/02/01/luxury-market-report-2022-q4,,2022Q4,Honolulu,house,3000000,5000000,18,text
list_sothebys,Oʻahu Quarterly Luxury Market Report 2023 Q1,https://listsothebysrealty.com/2023/05/02/luxury-market-report-2023-q1,,2023Q1,Honolulu,house,3000000,5000000,14,text
list_sothebys,Oʻahu Quarterly Luxury Market Report 2023 Q2,https://listsothebysrealty.com/2023/07/26/luxury-market-report-2023-q2,,2023Q2,Honolulu,house,3000000,5000000,14,text
list_sothebys,Oʻahu Quarterly Luxury Market Report 2023 Q3,https://listsothebysrealty.com/2023/10/26/luxury-market-report-2023-q3,,2023Q3,Honolulu,house,3000000,5000000,18,text
list_sothebys,Oʻahu Quarterly Luxury Market Report 2023 Q4,https://listsothebysrealty.com/2024/02/02/luxury-market-report-2023-q4,,2023Q4,Honolulu,house,3000000,5000000,14,text
list_sothebys,Oʻahu Quarterly Luxury Market Report 2024 Q1,https://listsothebysrealty.com/2024/04/24/luxury-market-report-2024-q1,,2024Q1,Honolulu,house,3000000,5000000,10,text
list_sothebys,Oʻahu Quarterly Luxury Market Report 2024 Q2,https://listsothebysrealty.com/2024/08/01/luxury-market-report-2024-q2,,2024Q2,Honolulu,house,3000000,5000000,20,text
list_sothebys,Oʻahu Quarterly Luxury Market Report 2024 Q3,https://listsothebysrealty.com/2024/10/24/luxury-market-report-2024-q3,,2024Q3,Honolulu,house,3000000,5000000,30,text
list_sothebys,Oʻahu Quarterly Luxury Market Report 2024 Q4,https://listsothebysrealty.com/2025/01/28/luxury-market-report-2024-q4,,2024Q4,Honolulu,house,3000000,5000000,19,text
list_sothebys,Oʻahu Quarterly Luxury Market Report 2025 Q1,https://listsothebysrealty.com/2025/04/23/luxury-market-report-2025-q1,,2025Q1,Honolulu,house,3000000,5000000,21,text
list_sothebys,Oʻahu Quarterly Luxury Market Report 2025 Q2,https://listsothebysrealty.com/2025/07/30/luxury-market-report-2025-q2,,2025Q2,Honolulu,house,3000000,5000000,33,text
list_sothebys,Oʻahu Quarterly Luxury Market Report 2025 Q3,https://listsothebysrealty.com/2025/10/23/luxury-market-report-2025-q3,,2025Q3,Honolulu,house,3000000,5000000,22,text
list_sothebys,Oʻahu Quarterly Luxury Market Report 2025 Q4,https://listsothebysrealty.com/2026/02/06/luxury-market-report-2025-q4,,2025Q4,Honolulu,house,3000000,5000000,31,text
list_sothebys,Oʻahu Quarterly Luxury Market Report 2026 Q1,https://listsothebysrealty.com/2026/04/29/luxury-market-report-2026-q1,,2026Q1,Honolulu,house,3000000,5000000,31,text
list_sothebys,Oʻahu Quarterly Luxury Market Report 2026 Q2,https://listsothebysrealty.com/2026/07/27/luxury-market-report-2026-q2,,2026Q2,Honolulu,house,3000000,5000000,19,text
list_sothebys,Oʻahu Quarterly Luxury Market Report 2022 Q3,https://listsothebysrealty.com/2022/11/07/luxury-market-report-2022-q3,,2022Q3,Honolulu,house,5000000,10000000,8,text
list_sothebys,Oʻahu Quarterly Luxury Market Report 2022 Q4,https://listsothebysrealty.com/2023/02/01/luxury-market-report-2022-q4,,2022Q4,Honolulu,house,5000000,10000000,7,text
list_sothebys,Oʻahu Quarterly Luxury Market Report 2023 Q1,https://listsothebysrealty.com/2023/05/02/luxury-market-report-2023-q1,,2023Q1,Honolulu,house,5000000,10000000,8,text
list_sothebys,Oʻahu Quarterly Luxury Market Report 2023 Q2,https://listsothebysrealty.com/2023/07/26/luxury-market-report-2023-q2,,2023Q2,Honolulu,house,5000000,10000000,10,text
list_sothebys,Oʻahu Quarterly Luxury Market Report 2023 Q3,https://listsothebysrealty.com/2023/10/26/luxury-market-report-2023-q3,,2023Q3,Honolulu,house,5000000,10000000,12,text
list_sothebys,Oʻahu Quarterly Luxury Market Report 2023 Q4,https://listsothebysrealty.com/2024/02/02/luxury-market-report-2023-q4,,2023Q4,Honolulu,house,5000000,10000000,8,text
list_sothebys,Oʻahu Quarterly Luxury Market Report 2024 Q1,https://listsothebysrealty.com/2024/04/24/luxury-market-report-2024-q1,,2024Q1,Honolulu,house,5000000,10000000,7,text
list_sothebys,Oʻahu Quarterly Luxury Market Report 2024 Q2,https://listsothebysrealty.com/2024/08/01/luxury-market-report-2024-q2,,2024Q2,Honolulu,house,5000000,10000000,8,text
list_sothebys,Oʻahu Quarterly Luxury Market Report 2024 Q3,https://listsothebysrealty.com/2024/10/24/luxury-market-report-2024-q3,,2024Q3,Honolulu,house,5000000,10000000,4,text
list_sothebys,Oʻahu Quarterly Luxury Market Report 2024 Q4,https://listsothebysrealty.com/2025/01/28/luxury-market-report-2024-q4,,2024Q4,Honolulu,house,5000000,10000000,4,text
list_sothebys,Oʻahu Quarterly Luxury Market Report 2025 Q1,https://listsothebysrealty.com/2025/04/23/luxury-market-report-2025-q1,,2025Q1,Honolulu,house,5000000,10000000,11,text
list_sothebys,Oʻahu Quarterly Luxury Market Report 2025 Q2,https://listsothebysrealty.com/2025/07/30/luxury-market-report-2025-q2,,2025Q2,Honolulu,house,5000000,10000000,7,text
list_sothebys,Oʻahu Quarterly Luxury Market Report 2025 Q3,https://listsothebysrealty.com/2025/10/23/luxury-market-report-2025-q3,,2025Q3,Honolulu,house,5000000,10000000,6,text
list_sothebys,Oʻahu Quarterly Luxury Market Report 2025 Q4,https://listsothebysrealty.com/2026/02/06/luxury-market-report-2025-q4,,2025Q4,Honolulu,house,5000000,10000000,12,text
list_sothebys,Oʻahu Quarterly Luxury Market Report 2026 Q2,https://listsothebysrealty.com/2026/07/27/luxury-market-report-2026-q2,,2026Q2,Honolulu,house,5000000,10000000,9,text
list_sothebys,Oʻahu Quarterly Luxury Market Report 2022 Q3,https://listsothebysrealty.com/2022/11/07/luxury-market-report-2022-q3,,2022Q3,Honolulu,house,10000000,inf,1,text
list_sothebys,Oʻahu Quarterly Luxury Market Report 2022 Q4,https://listsothebysrealty.com/2023/02/01/luxury-market-report-2022-q4,,2022Q4,Honolulu,house,10000000,inf,0,text
list_sothebys,Oʻahu Quarterly Luxury Market Report 2023 Q1,https://listsothebysrealty.com/2023/05/02/luxury-market-report-2023-q1,,2023Q1,Honolulu,house,10000000,inf,3,text
list_sothebys,Oʻahu Quarterly Luxury Market Report 2023 Q2,https://listsothebysrealty.com/2023/07/26/luxury-market-report-2023-q2,,2023Q2,Honolulu,house,10000000,inf,0,text
list_sothebys,Oʻahu Quarterly Luxury Market Report 2023 Q3,https://listsothebysrealty.com/2023/10/26/luxury-market-report-2023-q3,,2023Q3,Honolulu,house,10000000,inf,1,text
list_sothebys,Oʻahu Quarterly Luxury Market Report 2023 Q4,https://listsothebysrealty.com/2024/02/02/luxury-market-report-2023-q4,,2023Q4,Honolulu,house,10000000,inf,0,text
list_sothebys,Oʻahu Quarterly Luxury Market Report 2024 Q1,https://listsothebysrealty.com/2024/04/24/luxury-market-report-2024-q1,,2024Q1,Honolulu,house,10000000,inf,5,text
list_sothebys,Oʻahu Quarterly Luxury Market Report 2024 Q2,https://listsothebysrealty.com/2024/08/01/luxury-market-report-2024-q2,,2024Q2,Honolulu,house,10000000,inf,1,text
list_sothebys,Oʻahu Quarterly Luxury Market Report 2024 Q3,https://listsothebysrealty.com/2024/10/24/luxury-market-report-2024-q3,,2024Q3,Honolulu,house,10000000,inf,1,text
list_sothebys,Oʻahu Quarterly Luxury Market Report 2024 Q4,https://listsothebysrealty.com/2025/01/28/luxury-market-report-2024-q4,,2024Q4,Honolulu,house,10000000,inf,1,text
list_sothebys,Oʻahu Quarterly Luxury Market Report 2025 Q1,https://listsothebysrealty.com/2025/04/23/luxury-market-report-2025-q1,,2025Q1,Honolulu,house,10000000,inf,1,text
list_sothebys,Oʻahu Quarterly Luxury Market Report 2025 Q2,https://listsothebysrealty.com/2025/07/30/luxury-market-report-2025-q2,,2025Q2,Honolulu,house,10000000,inf,2,text
list_sothebys,Oʻahu Quarterly Luxury Market Report 2025 Q3,https://listsothebysrealty.com/2025/10/23/luxury-market-report-2025-q3,,2025Q3,Honolulu,house,10000000,inf,2,text
list_sothebys,Oʻahu Quarterly Luxury Market Report 2025 Q4,https://listsothebysrealty.com/2026/02/06/luxury-market-report-2025-q4,,2025Q4,Honolulu,house,10000000,inf,2,text
list_sothebys,Oʻahu Quarterly Luxury Market Report 2026 Q2,https://listsothebysrealty.com/2026/07/27/luxury-market-report-2026-q2,,2026Q2,Honolulu,house,10000000,inf,1,text
