fy,category,value_lo,owner_occupied_now,improved,condo,count,sum_price,sum_value
2023,owner,0,0,1,0,2,364950,389600
2023,owner,0,0,1,1,9,2352900,2031400
2023,owner,300000,0,1,0,11,5632700,4966200
2023,owner,300000,0,1,1,43,21839636,21061800
2023,owner,300000,1,1,0,15,8040700,7172300
2023,owner,300000,1,1,1,88,45923499,45178900
2023,owner,600000,0,1,0,10,6837700,7252900
2023,owner,600000,0,1,1,30,21292900,20116100
2023,owner,600000,1,1,0,21,18293999,15068800
2023,owner,600000,1,1,1,40,27702900,27874100
2023,owner,800000,0,1,0,21,18415771,18633300
2023,owner,800000,0,1,1,9,7838000,7981200
2023,owner,800000,1,1,0,69,58730136,63246400
2023,owner,800000,1,1,1,34,30329949,30543600
2023,owner,1000000,0,1,0,31,32173785,35077200
2023,owner,1000000,0,1,1,10,10626840,11064500
2023,owner,1000000,1,1,0,109,106793067,121529100
2023,owner,1000000,1,1,1,8,9272500,8929400
2023,owner,1250000,0,1,0,18,21227361,24338100
2023,owner,1250000,0,1,1,6,10207000,8029400
2023,owner,1250000,1,1,0,89,109061380,119492800
2023,owner,1250000,1,1,1,7,10990000,9925800
2023,owner,1500000,0,1,0,8,12905000,13278000
2023,owner,1500000,0,1,1,5,7977000,7894600
2023,owner,1500000,1,1,0,24,37426654,38971700
2023,owner,1500000,1,1,1,2,3265000,3140600
2023,owner,1750000,0,1,0,7,12802500,12825200
2023,owner,1750000,0,1,1,1,1600000,1821800
2023,owner,1750000,1,1,0,14,25936660,25966700
2023,owner,1750000,1,1,1,5,9568000,9225100
2023,owner,2000000,0,1,0,3,5029000,6306900
2023,owner,2000000,0,1,1,1,2400000,2189500
2023,owner,2000000,1,1,0,9,16275000,19068000
2023,owner,2000000,1,1,1,1,2050000,2189500
2023,owner,2250000,1,1,0,3,6170000,6940000
2023,owner,2500000,0,1,0,2,5633000,5323800
2023,owner,2500000,1,1,0,3,8894892,7688400
2023,owner,2500000,1,1,1,2,5350000,5290300
2023,owner,2750000,0,1,0,2,4700000,5751100
2023,owner,2750000,0,1,1,1,2550000,2846200
2023,owner,2750000,1,1,0,4,10654000,11730600
2023,owner,2750000,1,1,1,2,6098100,5822200
2023,owner,3000000,0,1,0,1,2850000,3130900
2023,owner,3000000,1,1,0,1,2200000,3135400
2023,owner,3250000,0,1,0,2,9850000,6682600
2023,owner,3250000,1,1,0,2,6095000,6884400
2023,owner,3500000,0,1,0,1,4330000,3644300
2023,owner,3500000,1,1,0,1,4050000,3630900
2023,owner,3750000,0,1,0,1,3900000,3973100
2023,owner,4250000,1,1,0,2,8200000,8769700
2023,owner,4500000,0,1,0,1,4262000,4537400
2023,owner,4500000,1,1,0,1,5800000,4607600
2023,owner,4750000,1,1,1,1,5875000,4996500
2023,owner,5000000,0,1,0,1,4500000,5094300
2023,owner,5000000,1,1,1,1,5100000,5186900
2023,owner,5500000,0,1,0,1,6350000,5625200
2023,owner,6000000,0,1,0,1,8900000,6152600
2023,owner,6000000,1,1,1,1,5950000,6348900
2023,owner,6500000,0,1,1,1,7350000,6757900
2023,owner,8000000,1,1,0,1,9850000,8496500
2023,owner,10000000,0,1,0,1,9750000,11940400
2023,owner,15000000,1,1,1,1,9200000,15514400
2023,nonowner,0,0,0,0,11,1600620,1695300
2023,nonowner,0,0,1,0,10,3369200,2463300
2023,nonowner,0,0,1,1,54,13007650,12154800
2023,nonowner,300000,0,0,0,4,1864170,1724100
2023,nonowner,300000,0,0,1,2,1523000,1104500
2023,nonowner,300000,0,1,0,14,7180379,6831000
2023,nonowner,300000,0,1,1,190,109006098,95065300
2023,nonowner,300000,1,1,0,5,2704000,2173700
2023,nonowner,300000,1,1,1,18,7513400,8378300
2023,nonowner,600000,0,0,0,5,3077000,3297500
2023,nonowner,600000,0,1,0,20,16587220,14642500
2023,nonowner,600000,0,1,1,205,164488279,141081800
2023,nonowner,600000,1,1,0,5,2913750,3580300
2023,nonowner,600000,1,1,1,4,2351000,2826900
2023,nonowner,800000,0,0,0,3,3427765,2768500
2023,nonowner,800000,0,0,1,3,2225000,2679700
2023,nonowner,800000,0,1,0,32,29504927,28789700
2023,nonowner,800000,0,1,1,115,116359463,103254200
2023,nonowner,800000,1,1,0,11,8677000,10289200
2023,nonowner,800000,1,1,1,3,2698000,2816900
2023,nonowner,1000000,0,0,0,3,4330000,3638500
2023,nonowner,1000000,0,0,1,2,2235928,2236400
2023,nonowner,1000000,0,1,0,37,38388632,40990100
2023,nonowner,1000000,0,1,1,89,107906228,99729800
2023,nonowner,1000000,1,1,0,21,19782464,23117400
2023,nonowner,1000000,1,1,1,2,2320000,2128100
2023,nonowner,1250000,0,0,0,2,2450000,2769200
2023,nonowner,1250000,0,1,0,24,31007209,32474200
2023,nonowner,1250000,0,1,1,68,94559502,92577800
2023,nonowner,1250000,1,1,0,10,10837000,13059700
2023,nonowner,1250000,1,1,1,1,1390000,1441800
2023,nonowner,1500000,0,0,0,4,5937000,6560200
2023,nonowner,1500000,0,0,1,1,1300000,1524500
2023,nonowner,1500000,0,1,0,14,23389526,22459700
2023,nonowner,1500000,0,1,1,37,68170100,59731000
2023,nonowner,1500000,1,1,0,2,3000000,3186100
2023,nonowner,1500000,1,1,1,3,5125000,4871900
2023,nonowner,1750000,0,1,0,13,21571360,24576000
2023,nonowner,1750000,0,1,1,26,51847922,48951500
2023,nonowner,1750000,1,1,0,3,4820000,5639800
2023,nonowner,2000000,0,1,0,7,16573000,15048500
2023,nonowner,2000000,0,1,1,10,20312200,20841600
2023,nonowner,2000000,1,1,0,3,5300000,6295100
2023,nonowner,2250000,0,1,0,8,16049600,18916600
2023,nonowner,2250000,0,1,1,3,6975000,7197300
2023,nonowner,2500000,0,1,0,5,11081005,13240400
2023,nonowner,2500000,0,1,1,12,28724905,31610300
2023,nonowner,2500000,1,1,0,1,2700000,2514500
2023,nonowner,2500000,1,1,1,1,1999000,2616600
2023,nonowner,2750000,0,0,1,1,2000000,2792800
2023,nonowner,2750000,0,1,0,3,9150000,8522800
2023,nonowner,2750000,0,1,1,10,29915000,28782400
2023,nonowner,2750000,1,1,0,2,6423000,5880800
2023,nonowner,3000000,0,0,1,1,6000000,3220000
2023,nonowner,3000000,0,1,0,10,28296036,31195600
2023,nonowner,3000000,0,1,1,4,11468000,12406400
2023,nonowner,3250000,0,1,0,2,6380000,6687300
2023,nonowner,3250000,0,1,1,2,5400000,6892800
2023,nonowner,3250000,1,1,1,1,3050000,3387500
2023,nonowner,3500000,0,1,0,5,19303000,18012400
2023,nonowner,3500000,0,1,1,5,19244000,17875500
2023,nonowner,3750000,0,1,0,3,13643000,11610500
2023,nonowner,3750000,0,1,1,1,3650000,3775800
2023,nonowner,4000000,0,1,0,1,3920000,4028400
2023,nonowner,4000000,0,1,1,2,8250000,8255200
2023,nonowner,4250000,0,1,0,2,13200000,8643300
2023,nonowner,4250000,0,1,1,4,16002800,17684900
2023,nonowner,4500000,0,1,0,2,7950000,9313500
2023,nonowner,4500000,0,1,1,4,20675000,18518600
2023,nonowner,4750000,0,1,0,1,5800000,4981400
2023,nonowner,4750000,0,1,1,5,23371600,24378600
2023,nonowner,5000000,0,1,0,1,4503100,5077200
2023,nonowner,5000000,0,1,1,1,3917300,5148900
2023,nonowner,5250000,0,1,1,3,14260000,16163500
2023,nonowner,5500000,0,1,0,2,14630000,11216700
2023,nonowner,5500000,0,1,1,3,15962500,16680400
2023,nonowner,5500000,1,1,0,1,5300000,5562500
2023,nonowner,5750000,0,1,1,3,14773758,17439300
2023,nonowner,6000000,0,1,0,1,5999990,6365100
2023,nonowner,6000000,0,1,1,2,12200000,12611000
2023,nonowner,6500000,0,1,0,1,6500000,6927000
2023,nonowner,6500000,0,1,1,2,14425000,13100500
2023,nonowner,7500000,0,1,0,2,15180000,15452200
2023,nonowner,9500000,0,1,1,1,7560100,9523700
2023,nonowner,10000000,0,1,0,2,21040000,20875300
2023,nonowner,10000000,0,1,1,2,16460913,20485600
2023,nonowner,12500000,0,1,1,1,16500000,13466900
2023,nonowner,15000000,0,1,0,1,28500000,19946100
2023,nonowner,15000000,0,1,1,6,70065748,102330400
2024,owner,0,0,1,0,1,365000,241300
2024,owner,0,0,1,1,8,2149000,2038100
2024,owner,0,1,1,1,1,280000,209200
2024,owner,300000,0,1,0,7,2935770,3170600
2024,owner,300000,0,1,1,42,22888793,20569700
2024,owner,300000,1,1,0,12,6597500,5871600
2024,owner,300000,1,1,1,90,48859000,44576600
2024,owner,600000,0,1,0,7,5290642,4948700
2024,owner,600000,0,1,1,21,16073000,14176400
2024,owner,600000,1,1,0,36,30208575,26133100
2024,owner,600000,1,1,1,40,28504874,27078400
2024,owner,800000,0,1,0,17,14915000,15162800
2024,owner,800000,0,1,1,17,16413000,15136300
2024,owner,800000,1,1,0,67,63740425,60846900
2024,owner,800000,1,1,1,25,22559580,21827000
2024,owner,1000000,0,1,0,18,20911500,20181500
2024,owner,1000000,0,1,1,10,12965000,11508800
2024,owner,1000000,1,1,0,84,95212425,93618000
2024,owner,1000000,1,1,1,8,9209000,9132900
2024,owner,1250000,0,1,0,19,26233572,25964000
2024,owner,1250000,0,1,1,6,9638000,7823100
2024,owner,1250000,1,1,0,83,108184884,111596500
2024,owner,1250000,1,1,1,12,17800000,16895700
2024,owner,1500000,0,1,0,9,14550700,14700400
2024,owner,1500000,0,1,1,3,6070000,5019900
2024,owner,1500000,1,1,0,18,30576210,28890000
2024,owner,1500000,1,1,1,4,6944000,6516800
2024,owner,1750000,0,1,0,6,13545000,11217100
2024,owner,1750000,0,1,1,1,1960000,1949000
2024,owner,1750000,1,1,0,13,23745000,24394000
2024,owner,1750000,1,1,1,4,8965000,7527200
2024,owner,2000000,0,1,0,4,9705000,8399000
2024,owner,2000000,0,1,1,1,2225850,2034100
2024,owner,2000000,1,1,0,9,18224116,19411000
2024,owner,2000000,1,1,1,1,2350000,2235800
2024,owner,2250000,0,1,0,2,5198000,4770800
2024,owner,2250000,0,1,1,7,20248550,17063700
2024,owner,2250000,1,1,0,6,14660000,14397600
2024,owner,2250000,1,1,1,1,3000000,2265600
2024,owner,2500000,0,1,0,2,4121200,5408500
2024,owner,2500000,1,1,0,1,2750000,2533800
2024,owner,2500000,1,1,1,2,4910000,5252300
2024,owner,2750000,0,1,0,2,6117775,5636300
2024,owner,2750000,1,1,1,2,6082000,5571000
2024,owner,3000000,0,1,0,1,1786760,3110200
2024,owner,3000000,1,1,0,2,6275000,6269600
2024,owner,3250000,0,1,0,1,3530000,3454900
2024,owner,3250000,1,1,0,2,6940000,6779600
2024,owner,3500000,1,1,1,1,3820500,3703900
2024,owner,3750000,0,1,0,1,3750000,3906600
2024,owner,5500000,1,1,1,1,7500000,5745400
2024,owner,6000000,1,1,0,1,6977950,6443800
2024,owner,12500000,0,1,1,1,12365651,13075900
2024,owner,15000000,1,1,1,1,9267009,15514400
2024,nonowner,0,0,0,0,6,940800,879200
2024,nonowner,0,0,1,0,9,3109560,2288800
2024,nonowner,0,0,1,1,38,9721000,8283900
2024,nonowner,300000,0,0,0,11,5883750,4737300
2024,nonowner,300000,0,0,1,1,550000,427700
2024,nonowner,300000,0,1,0,14,6685286,6995500
2024,nonowner,300000,0,1,1,185,106600423,91767800
2024,nonowner,300000,1,1,0,2,1415000,860500
2024,nonowner,300000,1,1,1,15,7678994,7697000
2024,nonowner,600000,0,0,0,5,3029200,3624300
2024,nonowner,600000,0,0,1,2,1110000,1340700
2024,nonowner,600000,0,1,0,22,16436850,16011200
2024,nonowner,600000,0,1,1,167,133122396,115296300
2024,nonowner,600000,1,1,0,12,8223226,8716000
2024,nonowner,600000,1,1,1,5,3813000,3626600
2024,nonowner,800000,0,0,0,2,1695000,1796400
2024,nonowner,800000,0,0,1,1,495000,873700
2024,nonowner,800000,0,1,0,25,22155400,22452600
2024,nonowner,800000,0,1,1,85,86816899,75923600
2024,nonowner,800000,1,1,0,10,8446119,9024600
2024,nonowner,800000,1,1,1,4,3190000,3390100
2024,nonowner,1000000,0,0,0,4,3741500,4564600
2024,nonowner,1000000,0,1,0,34,35622458,37445000
2024,nonowner,1000000,0,1,1,72,90848147,80673000
2024,nonowner,1000000,1,1,0,8,7686000,8774600
2024,nonowner,1000000,1,1,1,1,1425000,1133900
2024,nonowner,1250000,0,1,0,50,68943141,68431800
2024,nonowner,1250000,0,1,1,52,78505025,70624000
2024,nonowner,1250000,1,1,0,9,11775000,11973700
2024,nonowner,1250000,1,1,1,3,5860000,4076400
2024,nonowner,1500000,0,0,0,2,2900000,3165700
2024,nonowner,1500000,0,0,1,1,1550000,1524500
2024,nonowner,1500000,0,1,0,16,26901000,25718600
2024,nonowner,1500000,0,1,1,30,52847037,47993900
2024,nonowner,1500000,1,1,0,8,11920000,12455700
2024,nonowner,1500000,1,1,1,4,6675000,6149000
2024,nonowner,1750000,0,1,0,11,19735482,20051300
2024,nonowner,1750000,0,1,1,17,35380199,31737100
2024,nonowner,1750000,1,1,0,3,5710000,5636200
2024,nonowner,1750000,1,1,1,1,1525250,1840700
2024,nonowner,2000000,0,1,0,10,19363000,21565700
2024,nonowner,2000000,0,1,1,29,59202897,59255300
2024,nonowner,2000000,1,1,1,1,1715850,2034100
2024,nonowner,2250000,0,1,0,6,14770000,14479400
2024,nonowner,2250000,0,1,1,33,89786200,81616200
2024,nonowner,2250000,1,1,0,2,3860226,4729700
2024,nonowner,2250000,1,1,1,3,8285350,7461300
2024,nonowner,2500000,0,0,0,1,2350000,2540500
2024,nonowner,2500000,0,0,1,1,5000000,2727600
2024,nonowner,2500000,0,1,0,8,23690000,21141200
2024,nonowner,2500000,0,1,1,5,10772450,13298600
2024,nonowner,2500000,1,1,0,2,5458600,5360100
2024,nonowner,2750000,0,0,1,3,10825000,8312500
2024,nonowner,2750000,0,1,0,8,26290000,23218900
2024,nonowner,2750000,0,1,1,10,31042300,28683900
2024,nonowner,3000000,0,0,1,3,17600000,9410500
2024,nonowner,3000000,0,1,1,6,20102500,18780300
2024,nonowner,3000000,1,1,1,1,3500000,3029000
2024,nonowner,3250000,0,0,1,2,7500000,6624000
2024,nonowner,3250000,0,1,0,2,7750000,6822700
2024,nonowner,3250000,0,1,1,3,10955001,10295900
2024,nonowner,3500000,0,0,0,2,7800000,7073400
2024,nonowner,3500000,0,1,0,3,9115000,10830300
2024,nonowner,3500000,0,1,1,17,64423850,62104000
2024,nonowner,3750000,0,1,0,5,18425000,19373000
2024,nonowner,3750000,0,1,1,2,8450000,7574900
2024,nonowner,3750000,1,1,0,1,3850000,3817300
2024,nonowner,4000000,0,0,0,1,4200000,4199600
2024,nonowner,4000000,0,1,0,2,8550000,8304800
2024,nonowner,4000000,0,1,1,6,25530000,25029000
2024,nonowner,4250000,0,1,0,3,10121946,12985600
2024,nonowner,4250000,1,1,0,1,5350000,4466100
2024,nonowner,4500000,0,1,0,3,16100000,13686700
2024,nonowner,4500000,0,1,1,1,5400000,4661300
2024,nonowner,4750000,0,1,0,1,4660000,4834000
2024,nonowner,4750000,0,1,1,3,14125000,14758100
2024,nonowner,5000000,0,1,0,2,8900000,10125200
2024,nonowner,5000000,0,1,1,4,25675000,20615700
2024,nonowner,5250000,0,1,0,4,24850000,21622900
2024,nonowner,5250000,0,1,1,1,5800000,5478400
2024,nonowner,5500000,0,1,0,3,17540000,16844600
2024,nonowner,5500000,0,1,1,5,29675000,27996600
2024,nonowner,5750000,0,1,0,1,5000000,5775800
2024,nonowner,5750000,1,1,1,1,5134831,5761100
2024,nonowner,6000000,1,1,0,1,6000000,6096300
2024,nonowner,6500000,0,1,1,1,6500000,6513600
2024,nonowner,7000000,0,1,0,1,11500000,7411700
2024,nonowner,7000000,0,1,1,1,10900000,7495300
2024,nonowner,7500000,0,1,0,1,8400000,7767700
2024,nonowner,7500000,0,1,1,1,5245536,7678600
2024,nonowner,9500000,0,1,0,1,16000000,9583200
2024,nonowner,9500000,0,1,1,6,62899327,57740300
2024,nonowner,10000000,0,1,1,9,88696281,91566700
2024,nonowner,12500000,0,1,0,1,14300000,12968400
2024,nonowner,12500000,0,1,1,2,22439823,26611000
2024,nonowner,15000000,0,1,1,4,73905654,63008400
2024,nonowner,20000000,0,1,1,1,43579000,20234100
2025,owner,0,0,1,0,2,568751,492200
2025,owner,0,0,1,1,7,1462000,1360300
2025,owner,0,1,1,1,1,269000,272000
2025,owner,300000,0,1,0,9,4710900,4344900
2025,owner,300000,0,1,1,25,12572300,12149600
2025,owner,300000,1,1,0,13,6865200,6113000
2025,owner,300000,1,1,1,63,35145500,32317400
2025,owner,600000,0,1,0,5,3734000,3423500
2025,owner,600000,0,1,1,11,7547674,7354700
2025,owner,600000,1,1,0,41,30201605,28928100
2025,owner,600000,1,1,1,41,28714400,28065600
2025,owner,800000,0,1,0,26,24325480,23429900
2025,owner,800000,0,1,1,6,5713999,5568200
2025,owner,800000,1,1,0,56,54781190,51237700
2025,owner,800000,1,1,1,13,11453000,11756500
2025,owner,1000000,0,1,0,24,28034901,26851900
2025,owner,1000000,0,1,1,9,10090612,9723900
2025,owner,1000000,1,1,0,67,79667333,74846600
2025,owner,1000000,1,1,1,14,15971950,15715400
2025,owner,1250000,0,1,0,28,38923549,37635500
2025,owner,1250000,0,1,1,8,10167300,10632600
2025,owner,1250000,1,1,0,70,95327457,95601000
2025,owner,1250000,1,1,1,6,8679000,8360700
2025,owner,1500000,0,1,0,10,17791885,16283400
2025,owner,1500000,0,1,1,4,7215000,6542800
2025,owner,1500000,1,1,0,23,38875000,36949200
2025,owner,1500000,1,1,1,7,10695000,11356500
2025,owner,1750000,0,1,0,7,12948000,13118100
2025,owner,1750000,0,1,1,4,8663000,7447100
2025,owner,1750000,1,1,0,17,32115000,31470300
2025,owner,1750000,1,1,1,2,4455000,3718900
2025,owner,2000000,0,1,0,6,14127776,12723100
2025,owner,2000000,0,1,1,2,4750000,4035700
2025,owner,2000000,1,1,0,9,19660000,19107700
2025,owner,2000000,1,1,1,3,6550000,6549400
2025,owner,2250000,0,1,0,4,9372746,9366000
2025,owner,2250000,1,1,0,7,16807888,16602900
2025,owner,2250000,1,1,1,2,5090000,4668200
2025,owner,2500000,0,1,0,2,5125000,5194600
2025,owner,2500000,0,1,1,2,4924500,5019300
2025,owner,2500000,1,1,0,3,8157000,8021900
2025,owner,2500000,1,1,1,1,1700000,2566200
2025,owner,2750000,0,1,0,1,2777108,2984900
2025,owner,2750000,1,1,1,1,3400000,2913700
2025,owner,3000000,0,1,0,1,3525000,3243200
2025,owner,3000000,0,1,1,1,3200000,3093600
2025,owner,3250000,0,1,0,1,3075000,3352000
2025,owner,3250000,0,1,1,1,3300000,3486800
2025,owner,3250000,1,1,0,1,3600000,3417500
2025,owner,3500000,0,1,1,2,5173250,7242800
2025,owner,3500000,1,1,0,2,6100000,7149100
2025,owner,3750000,0,1,0,1,4000000,3782600
2025,owner,3750000,1,1,0,2,9625000,7522200
2025,owner,3750000,1,1,1,1,4975000,3803700
2025,owner,4000000,0,1,0,1,3049000,4118600
2025,owner,4000000,0,1,1,2,6988000,8283400
2025,owner,4000000,1,1,0,1,4075000,4146700
2025,owner,4250000,0,1,0,1,6555000,4328300
2025,owner,4250000,1,1,0,1,5325000,4466100
2025,owner,4500000,0,1,0,1,5500000,4506800
2025,owner,4500000,1,1,0,2,13000000,9241900
2025,owner,4750000,0,1,1,1,4150000,4931700
2025,owner,5000000,0,1,1,1,4950000,5055800
2025,owner,5250000,0,1,1,1,4000000,5375100
2025,owner,5500000,0,1,1,1,5100000,5552000
2025,owner,6000000,0,1,0,1,7600000,6473300
2025,owner,6500000,0,1,0,1,6100000,6651000
2025,owner,9000000,0,1,0,1,9900000,9491200
2025,owner,10000000,1,1,0,1,14470000,11759100
2025,owner,12500000,0,1,0,1,16300000,13233000
2025,owner,15000000,1,1,1,1,8194207,15489300
2025,nonowner,0,0,0,0,6,1107771,1165300
2025,nonowner,0,0,0,1,1,200000,239700
2025,nonowner,0,0,1,0,3,774000,704600
2025,nonowner,0,0,1,1,29,6997570,6497700
2025,nonowner,300000,0,0,0,13,6430500,5750200
2025,nonowner,300000,0,0,1,3,1454000,1458900
2025,nonowner,300000,0,1,0,11,6223500,5822100
2025,nonowner,300000,0,1,1,122,61657800,60212900
2025,nonowner,300000,1,1,0,5,3472854,2609400
2025,nonowner,300000,1,1,1,8,3745500,3996700
2025,nonowner,600000,0,0,0,1,785000,760300
2025,nonowner,600000,0,0,1,2,1775000,1402900
2025,nonowner,600000,0,1,0,16,11535764,11505300
2025,nonowner,600000,0,1,1,115,81644240,79934600
2025,nonowner,600000,1,1,0,3,2051635,2235100
2025,nonowner,600000,1,1,1,3,2155000,2082800
2025,nonowner,800000,0,0,0,1,500000,811600
2025,nonowner,800000,0,1,0,36,34763963,32592100
2025,nonowner,800000,0,1,1,75,69655001,66433100
2025,nonowner,800000,1,1,0,6,4748286,5478400
2025,nonowner,800000,1,1,1,1,820000,917700
2025,nonowner,1000000,0,0,0,3,3400000,3560000
2025,nonowner,1000000,0,1,0,42,49643468,47927600
2025,nonowner,1000000,0,1,1,63,74216513,70383800
2025,nonowner,1000000,1,1,0,5,4974000,5348300
2025,nonowner,1000000,1,1,1,4,4761000,4731200
2025,nonowner,1250000,0,0,0,4,6325000,5579500
2025,nonowner,1250000,0,1,0,43,61898014,59121600
2025,nonowner,1250000,0,1,1,39,56314300,53398200
2025,nonowner,1250000,1,1,0,8,10163340,11082600
2025,nonowner,1500000,0,0,0,3,5549000,4838900
2025,nonowner,1500000,0,1,0,15,22969500,24475600
2025,nonowner,1500000,0,1,1,30,53202105,48301300
2025,nonowner,1500000,1,1,0,3,4600000,4733900
2025,nonowner,1750000,0,0,1,1,1771000,1835800
2025,nonowner,1750000,0,1,0,12,21590000,22563500
2025,nonowner,1750000,0,1,1,16,29841850,29537000
2025,nonowner,1750000,1,1,0,3,4318000,5642700
2025,nonowner,2000000,0,1,0,8,16840037,16860500
2025,nonowner,2000000,0,1,1,14,28581000,29269200
2025,nonowner,2250000,0,0,1,2,5645000,4819600
2025,nonowner,2250000,0,1,0,4,10800000,9487100
2025,nonowner,2250000,0,1,1,12,30629750,29389100
2025,nonowner,2250000,1,1,0,1,4000000,2469500
2025,nonowner,2500000,0,0,0,1,2200000,2582200
2025,nonowner,2500000,0,1,0,5,13411600,13089400
2025,nonowner,2500000,0,1,1,9,22004000,23530200
2025,nonowner,2500000,1,1,0,1,2800000,2577500
2025,nonowner,2500000,1,1,1,1,1999999,2513900
2025,nonowner,2750000,0,0,1,1,5000000,2828300
2025,nonowner,2750000,0,1,0,5,12745000,14290200
2025,nonowner,2750000,0,1,1,17,50619900,48914600
2025,nonowner,3000000,0,1,0,1,4200000,3159900
2025,nonowner,3000000,0,1,1,7,21700000,21960500
2025,nonowner,3000000,1,1,0,1,2160000,3079100
2025,nonowner,3250000,0,1,0,5,17672400,17106400
2025,nonowner,3250000,0,1,1,3,10783333,10115900
2025,nonowner,3500000,0,1,0,3,10850000,10869400
2025,nonowner,3500000,0,1,1,10,35452262,36293300
2025,nonowner,3750000,0,1,0,2,8300000,7711200
2025,nonowner,3750000,0,1,1,1,4050000,3817600
2025,nonowner,4000000,0,1,0,1,4000000,4140700
2025,nonowner,4000000,0,1,1,7,29431505,29201700
2025,nonowner,4000000,1,1,1,1,4200000,4175600
2025,nonowner,4250000,0,1,0,2,9395000,8827200
2025,nonowner,4250000,0,1,1,1,4300000,4363200
2025,nonowner,4500000,0,1,1,2,10750000,9185000
2025,nonowner,4750000,0,1,0,2,11350000,9709100
2025,nonowner,4750000,0,1,1,7,31830592,34567600
2025,nonowner,5000000,0,1,1,4,15832630,20262400
2025,nonowner,5250000,0,1,1,3,17323190,16168500
2025,nonowner,5500000,0,1,1,2,11200000,11129500
2025,nonowner,5750000,0,1,0,2,12750000,11878900
2025,nonowner,6000000,0,1,0,3,20304000,19155600
2025,nonowner,6000000,0,1,1,1,5250000,6210400
2025,nonowner,6000000,1,1,0,1,5900000,6326700
2025,nonowner,6500000,0,1,0,1,6900000,6609900
2025,nonowner,6500000,0,1,1,1,8000000,6778800
2025,nonowner,7000000,0,0,0,1,7350000,7366700
2025,nonowner,7000000,0,1,0,1,7600000,7357400
2025,nonowner,7000000,0,1,1,1,7255205,7162700
2025,nonowner,7500000,0,1,0,2,14636000,15777600
2025,nonowner,8000000,0,1,0,1,8500000,8484300
2025,nonowner,8500000,0,0,0,1,8750000,8734600
2025,nonowner,8500000,0,1,1,1,8655000,8632500
2025,nonowner,9000000,0,1,1,1,17250000,9311700
2025,nonowner,9500000,0,0,1,1,10900000,9985300
2025,nonowner,10000000,0,1,0,2,28350000,23515400
2025,nonowner,10000000,0,1,1,5,55523337,51643000
2025,nonowner,15000000,0,1,0,1,17000000,16927300
2025,nonowner,15000000,0,1,1,1,22000000,16615100
2026,owner,0,0,1,0,6,2009000,1265900
2026,owner,0,0,1,1,15,3245000,3445600
2026,owner,0,1,1,1,1,199000,157600
2026,owner,300000,0,1,0,11,7123000,5065900
2026,owner,300000,0,1,1,57,26187700,28137200
2026,owner,300000,1,1,0,15,11166945,7433600
2026,owner,300000,1,1,1,44,22250050,22973400
2026,owner,600000,0,1,0,19,14598341,13726600
2026,owner,600000,0,1,1,32,20697449,21765600
2026,owner,600000,1,1,0,26,20619299,18140600
2026,owner,600000,1,1,1,26,16892835,17764300
2026,owner,800000,0,1,0,23,23042219,20618500
2026,owner,800000,0,1,1,14,13093721,12470100
2026,owner,800000,1,1,0,47,44503260,42510400
2026,owner,800000,1,1,1,18,15613000,16263700
2026,owner,1000000,0,1,0,38,41892800,42381000
2026,owner,1000000,0,1,1,7,7443000,7775600
2026,owner,1000000,1,1,0,71,82334962,79067700
2026,owner,1000000,1,1,1,4,3869000,4569100
2026,owner,1250000,0,1,0,45,59868017,62032800
2026,owner,1250000,0,1,1,4,6655000,5413800
2026,owner,1250000,1,1,0,43,58777174,59590700
2026,owner,1250000,1,1,1,5,9410000,7000000
2026,owner,1500000,0,1,0,8,12420000,12993900
2026,owner,1500000,0,1,1,7,12325000,11070100
2026,owner,1500000,1,1,0,10,16884000,16152300
2026,owner,1500000,1,1,1,3,5145000,4975500
2026,owner,1750000,0,1,0,13,24978000,24166300
2026,owner,1750000,0,1,1,5,8345000,9396200
2026,owner,1750000,1,1,0,8,14055000,14880400
2026,owner,1750000,1,1,1,3,6835000,5484200
2026,owner,2000000,0,1,0,4,7175000,8362000
2026,owner,2000000,0,1,1,2,3865000,4073000
2026,owner,2000000,1,1,0,9,18580000,19278000
2026,owner,2000000,1,1,1,3,5024999,6336300
2026,owner,2250000,0,1,0,4,7664999,9435700
2026,owner,2250000,1,1,0,4,10880000,9362300
2026,owner,2500000,0,1,0,1,1725000,2511300
2026,owner,2500000,0,1,1,2,4962000,5450900
2026,owner,2500000,1,1,0,2,5150000,5279000
2026,owner,2500000,1,1,1,1,2500000,2714100
2026,owner,2750000,0,1,0,4,10300000,11527400
2026,owner,2750000,0,1,1,3,8288000,8551200
2026,owner,2750000,1,1,0,4,10472022,11291700
2026,owner,3000000,1,1,0,2,6420000,6283300
2026,owner,3250000,0,1,0,1,3050000,3319700
2026,owner,3500000,0,1,0,1,3750000,3635200
2026,owner,3500000,0,1,1,1,2950000,3728100
2026,owner,3500000,1,1,0,3,7635000,10818800
2026,owner,3500000,1,1,1,1,2800000,3519300
2026,owner,4000000,0,1,0,3,10665500,12477800
2026,owner,4250000,0,1,0,1,6000000,4373500
2026,owner,4250000,1,1,0,1,3850000,4479400
2026,owner,4500000,0,1,0,1,3850000,4568400
2026,owner,5250000,0,1,0,2,13050000,10835300
2026,owner,5250000,0,1,1,1,5950000,5471600
2026,owner,5750000,0,1,1,1,5750000,5797200
2026,owner,6000000,0,1,0,1,6485000,6132600
2026,owner,6500000,0,1,0,1,11000000,6642700
2026,owner,10000000,0,1,0,1,13400000,12131500
2026,nonowner,0,0,0,0,9,1271550,1219200
2026,nonowner,0,0,0,1,3,150000,150000
2026,nonowner,0,0,1,0,3,429000,642200
2026,nonowner,0,0,1,1,35,7861791,7427800
2026,nonowner,300000,0,0,0,2,1010000,1009700
2026,nonowner,300000,0,0,1,1,271000,429000
2026,nonowner,300000,0,1,0,17,9572000,8010300
2026,nonowner,300000,0,1,1,129,61498584,64544300
2026,nonowner,300000,1,1,1,8,3923000,4101100
2026,nonowner,600000,0,0,0,14,12945225,9558600
2026,nonowner,600000,0,1,0,14,9705721,9758800
2026,nonowner,600000,0,1,1,121,76889632,81607500
2026,nonowner,600000,1,1,0,7,5150655,4683700
2026,nonowner,600000,1,1,1,11,7330000,7903500
2026,nonowner,800000,0,0,0,1,1350000,902400
2026,nonowner,800000,0,0,1,1,1590000,934600
2026,nonowner,800000,0,1,0,23,24708716,20708600
2026,nonowner,800000,0,1,1,75,66214950,66158700
2026,nonowner,800000,1,1,0,6,5268780,5486600
2026,nonowner,800000,1,1,1,3,2369000,2765400
2026,nonowner,1000000,0,1,0,35,40289200,39478900
2026,nonowner,1000000,0,1,1,59,66452299,66751500
2026,nonowner,1000000,1,1,0,6,6015000,6594000
2026,nonowner,1250000,0,0,0,2,2050000,2842800
2026,nonowner,1250000,0,1,0,37,51006280,50830800
2026,nonowner,1250000,0,1,1,40,53085300,54040900
2026,nonowner,1250000,1,1,0,9,11708747,12523900
2026,nonowner,1250000,1,1,1,2,2248000,2620400
2026,nonowner,1500000,0,1,0,19,31706650,30021600
2026,nonowner,1500000,0,1,1,17,27072699,27180000
2026,nonowner,1500000,1,1,0,5,7470000,7933200
2026,nonowner,1500000,1,1,1,4,6820000,6408000
2026,nonowner,1750000,0,1,0,8,14392000,14879900
2026,nonowner,1750000,0,1,1,14,25436600,25828600
2026,nonowner,1750000,1,1,0,3,5513117,5599800
2026,nonowner,1750000,1,1,1,1,2747500,1904800
2026,nonowner,2000000,0,0,0,1,1795000,2071200
2026,nonowner,2000000,0,1,0,12,25660472,24870200
2026,nonowner,2000000,0,1,1,9,20985428,18870500
2026,nonowner,2000000,1,1,0,4,9275000,8508100
2026,nonowner,2000000,1,1,1,1,1895000,2025700
2026,nonowner,2250000,0,0,0,1,3500000,2362700
2026,nonowner,2250000,0,0,1,1,5200000,2471100
2026,nonowner,2250000,0,1,0,6,16039115,14518600
2026,nonowner,2250000,0,1,1,10,25195000,23881200
2026,nonowner,2250000,1,1,0,2,4875000,4964800
2026,nonowner,2250000,1,1,1,3,8575000,7133300
2026,nonowner,2500000,0,1,0,6,15310000,15994800
2026,nonowner,2500000,0,1,1,9,21064100,23525800
2026,nonowner,2500000,1,1,0,1,1375000,2610600
2026,nonowner,2500000,1,1,1,1,1500000,2519900
2026,nonowner,2750000,0,1,0,3,11350000,8645000
2026,nonowner,2750000,0,1,1,8,22625000,22882200
2026,nonowner,3000000,0,1,0,5,19310000,15828700
2026,nonowner,3000000,0,1,1,5,17035000,15584000
2026,nonowner,3000000,1,1,0,1,2360000,3236600
2026,nonowner,3250000,0,1,0,2,6300000,6648400
2026,nonowner,3250000,0,1,1,2,5045337,6806800
2026,nonowner,3500000,0,0,0,2,8000000,7187600
2026,nonowner,3500000,0,1,0,5,14955798,18122100
2026,nonowner,3500000,0,1,1,6,19294620,21771400
2026,nonowner,3500000,1,1,1,1,3250000,3545300
2026,nonowner,3750000,0,1,0,4,17600000,15571600
2026,nonowner,3750000,0,1,1,1,3300000,3912700
2026,nonowner,3750000,1,1,0,1,3850000,3853300
2026,nonowner,4000000,0,1,1,3,14683300,12583300
2026,nonowner,4000000,1,1,0,1,7950000,4082200
2026,nonowner,4250000,0,1,1,3,12450000,13156100
2026,nonowner,4500000,0,1,0,1,5600000,4670600
2026,nonowner,4500000,0,1,1,5,22150000,23342700
2026,nonowner,4500000,1,1,0,1,5450000,4601500
2026,nonowner,4750000,0,1,1,3,13724999,14743700
2026,nonowner,5000000,0,1,1,1,4007000,5065700
2026,nonowner,5250000,0,1,1,2,11285000,10881000
2026,nonowner,5500000,0,1,0,6,29510000,33822100
2026,nonowner,5500000,0,1,1,2,10925000,11199300
2026,nonowner,6000000,0,1,0,2,12875000,12556100
2026,nonowner,6000000,0,1,1,1,9000000,6217600
2026,nonowner,6500000,0,1,1,1,6500000,6528800
2026,nonowner,7000000,0,1,0,1,7770000,7390900
2026,nonowner,8000000,1,1,0,1,9175000,8010500
2026,nonowner,8500000,0,1,0,1,18500000,8626800
2026,nonowner,9500000,0,1,1,1,12300000,9610000
2026,nonowner,10000000,0,1,1,3,29000000,31263100
2026,nonowner,12500000,0,1,0,1,18000000,14043900
