fy,kind,category,bin_lo,count,sum_price,units
2016,bin,owner,0,1099,354785258,1
2016,bin,owner,600000,243,165173962,1
2016,bin,owner,800000,78,69173096,1
2016,bin,owner,1000000,45,50077082,1
2016,bin,owner,1250000,25,33417650,1
2016,bin,owner,1500000,11,17361000,1
2016,bin,owner,1750000,8,14579000,1
2016,bin,owner,2000000,7,14590000,1
2016,bin,owner,2250000,3,7100000,1
2016,bin,owner,2500000,2,5300000,1
2016,bin,owner,2750000,2,5700000,1
2016,bin,owner,3500000,3,11072000,1
2016,bin,owner,3750000,1,3750000,1
2016,bin,owner,5500000,1,5700000,1
2016,bin,owner,6000000,1,6200000,1
2016,bin,owner,7500000,1,7800000,1
2016,bin,owner,9000000,1,9000000,1
2016,bin,nonowner,0,1162,358669255,1
2016,bin,nonowner,600000,232,160411058,1
2016,bin,nonowner,800000,133,118744802,1
2016,bin,nonowner,1000000,73,81193950,1
2016,bin,nonowner,1250000,50,68330432,1
2016,bin,nonowner,1500000,30,47606532,1
2016,bin,nonowner,1750000,20,37335828,1
2016,bin,nonowner,2000000,20,42079950,1
2016,bin,nonowner,2250000,11,25746361,1
2016,bin,nonowner,2500000,18,46581428,1
2016,bin,nonowner,2750000,11,31990000,1
2016,bin,nonowner,3000000,12,37029950,1
2016,bin,nonowner,3250000,3,10125000,1
2016,bin,nonowner,3500000,4,14400000,1
2016,bin,nonowner,3750000,6,23185000,1
2016,bin,nonowner,4000000,3,12500000,1
2016,bin,nonowner,4250000,2,8670000,1
2016,bin,nonowner,4500000,6,27574000,1
2016,bin,nonowner,4750000,5,24300000,1
2016,bin,nonowner,5250000,3,16090309,1
2016,bin,nonowner,5500000,2,11200000,1
2016,bin,nonowner,5750000,1,5863000,1
2016,bin,nonowner,6000000,1,6470000,1
2016,bin,nonowner,6500000,1,6900000,1
2016,bin,nonowner,7000000,1,7000000,1
2016,bin,nonowner,8500000,1,8500000,1
2016,bin,nonres,0,217,47132958,1
2016,bin,nonres,600000,29,20102464,1
2016,bin,nonres,800000,13,11755350,1
2016,bin,nonres,1000000,8,9121136,1
2016,bin,nonres,1250000,10,13783568,1
2016,bin,nonres,1500000,5,7849146,1
2016,bin,nonres,1750000,4,7613000,1
2016,bin,nonres,2000000,1,2130000,1
2016,bin,nonres,2250000,1,2450000,1
2016,bin,nonres,2500000,3,7823772,1
2016,bin,nonres,2750000,1,2769323,1
2016,bin,nonres,3000000,1,3074000,1
2016,bin,nonres,3500000,1,3600000,1
2016,bin,nonres,4000000,3,12240618,1
2016,bin,nonres,4500000,1,4704460,1
2016,bin,nonres,4750000,1,4885635,1
2016,bin,nonres,6000000,2,12000000,1
2016,bin,nonres,7500000,2,15000000,1
2016,bin,nonres,8500000,1,8500000,1
2016,bin,nonres,9000000,3,27000000,1
2016,bin,nonres,9500000,3,29544000,1
2016,mf,owner,0,1,271989,8
2016,mf,owner,1750000,1,1800000,10
2016,mf,nonowner,0,1,1000,5
2016,mf,nonowner,0,1,76000,6
2016,mf,nonowner,600000,1,601368,5
2016,mf,nonres,0,1,10,5
2016,mf,nonres,0,1,1,71
2016,mf,nonres,0,1,153,71
2016,mf,nonres,2000000,1,2000000,33
2016,top,owner,10000000,1,10800000,1
2016,top,nonres,10000000,1,10982900,1
2016,top,nonres,10000000,1,12000000,1
2016,top,nonres,10000000,1,13380000,1
2016,top,nonres,10000000,1,14500000,1
2016,top,nonres,10000000,1,18602298,1
2016,top,nonres,10000000,1,21404857,1
2016,top,nonres,10000000,1,64750000,1
2016,top,nonres,10000000,1,86409904,1
2016,top,nonres,10000000,1,342000000,1
2017,bin,owner,0,976,319912696,1
2017,bin,owner,600000,291,197832128,1
2017,bin,owner,800000,120,106772327,1
2017,bin,owner,1000000,53,59036483,1
2017,bin,owner,1250000,33,44971050,1
2017,bin,owner,1500000,15,24103700,1
2017,bin,owner,1750000,5,9053342,1
2017,bin,owner,2000000,8,16802054,1
2017,bin,owner,2250000,1,2400000,1
2017,bin,owner,2750000,2,5687000,1
2017,bin,owner,3000000,2,6000000,1
2017,bin,owner,3250000,2,6600000,1
2017,bin,owner,3500000,1,3700000,1
2017,bin,owner,3750000,1,3850000,1
2017,bin,owner,4000000,1,4000000,1
2017,bin,owner,4500000,1,4640000,1
2017,bin,owner,4750000,1,4750000,1
2017,bin,owner,5250000,1,5482500,1
2017,bin,owner,5750000,1,5950000,1
2017,bin,owner,8000000,1,8000000,1
2017,bin,owner,9500000,1,9726102,1
2017,bin,nonowner,0,1301,401482098,1
2017,bin,nonowner,600000,269,186484768,1
2017,bin,nonowner,800000,142,126589416,1
2017,bin,nonowner,1000000,84,93134702,1
2017,bin,nonowner,1250000,66,89418819,1
2017,bin,nonowner,1500000,29,46242840,1
2017,bin,nonowner,1750000,25,45863750,1
2017,bin,nonowner,2000000,16,34026250,1
2017,bin,nonowner,2250000,13,30855000,1
2017,bin,nonowner,2500000,15,39282271,1
2017,bin,nonowner,2750000,8,22885000,1
2017,bin,nonowner,3000000,11,34021000,1
2017,bin,nonowner,3250000,16,53819400,1
2017,bin,nonowner,3500000,6,21504000,1
2017,bin,nonowner,3750000,6,23273900,1
2017,bin,nonowner,4000000,7,28543000,1
2017,bin,nonowner,4250000,7,30620000,1
2017,bin,nonowner,4500000,4,18085000,1
2017,bin,nonowner,4750000,1,4900000,1
2017,bin,nonowner,5000000,2,10100000,1
2017,bin,nonowner,5250000,3,16026500,1
2017,bin,nonowner,5500000,1,5700000,1
2017,bin,nonowner,5750000,2,11899999,1
2017,bin,nonowner,6000000,1,6475000,1
2017,bin,nonowner,8000000,1,8000000,1
2017,bin,nonowner,8500000,2,17550000,1
2017,bin,nonowner,9500000,1,9500000,1
2017,bin,nonres,0,195,41501549,1
2017,bin,nonres,600000,40,27181290,1
2017,bin,nonres,800000,20,17849499,1
2017,bin,nonres,1000000,13,14611600,1
2017,bin,nonres,1250000,10,13528111,1
2017,bin,nonres,1500000,11,17268186,1
2017,bin,nonres,1750000,5,9520061,1
2017,bin,nonres,2000000,3,6451494,1
2017,bin,nonres,2250000,4,9772610,1
2017,bin,nonres,2500000,3,7957821,1
2017,bin,nonres,2750000,2,5647300,1
2017,bin,nonres,3000000,2,6000000,1
2017,bin,nonres,3250000,2,6657235,1
2017,bin,nonres,3500000,2,7197000,1
2017,bin,nonres,3750000,2,7982746,1
2017,bin,nonres,4000000,1,4175000,1
2017,bin,nonres,4250000,1,4480000,1
2017,bin,nonres,4500000,2,9124100,1
2017,bin,nonres,5500000,1,5575000,1
2017,bin,nonres,6000000,1,6359020,1
2017,bin,nonres,7000000,1,7000000,1
2017,bin,nonres,8000000,1,8076100,1
2017,bin,nonres,8500000,1,8927882,1
2017,bin,nonres,9500000,3,29040000,1
2017,mf,owner,0,1,10,5
2017,mf,owner,0,1,3000,7
2017,mf,owner,2750000,1,2900000,5
2017,mf,nonowner,0,1,275000,5
2017,mf,nonowner,0,1,38352,6
2017,mf,nonowner,0,1,7072,7
2017,mf,nonowner,800000,1,807148,32
2017,mf,nonowner,800000,1,807148,32
2017,mf,nonres,0,1,337159,6
2017,mf,nonres,0,1,1000,33
2017,mf,nonres,10000000,1,17827670,10
2017,mf,nonres,10000000,1,14000000,201
2017,top,owner,10000000,1,13250000,1
2017,top,nonowner,10000000,1,10800000,1
2017,top,nonowner,10000000,1,13000000,1
2017,top,nonowner,10000000,1,15500000,1
2017,top,nonowner,10000000,1,18000000,1
2017,top,nonres,10000000,1,10400000,1
2017,top,nonres,10000000,1,11000000,1
2017,top,nonres,10000000,1,12900000,1
2017,top,nonres,10000000,1,16500000,1
2017,top,nonres,10000000,1,18000000,1
2017,top,nonres,10000000,1,21158858,1
2017,top,nonres,10000000,1,21280000,1
2017,top,nonres,10000000,1,39207018,1
2017,top,nonres,10000000,1,164439983,1
2018,bin,owner,0,1022,327364499,1
2018,bin,owner,600000,388,261029639,1
2018,bin,owner,800000,105,92706031,1
2018,bin,owner,1000000,64,71188198,1
2018,bin,owner,1250000,37,50290959,1
2018,bin,owner,1500000,25,40008823,1
2018,bin,owner,1750000,10,18715000,1
2018,bin,owner,2000000,5,10472000,1
2018,bin,owner,2250000,5,11635800,1
2018,bin,owner,2500000,5,12943625,1
2018,bin,owner,2750000,1,2800000,1
2018,bin,owner,3000000,7,21825050,1
2018,bin,owner,3500000,2,7320202,1
2018,bin,owner,3750000,1,3925000,1
2018,bin,owner,4250000,3,12985000,1
2018,bin,owner,4750000,1,4815400,1
2018,bin,owner,6000000,1,6463048,1
2018,bin,owner,7000000,1,7200000,1
2018,bin,owner,8500000,1,8500000,1
2018,bin,nonowner,0,1220,396608344,1
2018,bin,nonowner,600000,333,227919764,1
2018,bin,nonowner,800000,190,169206714,1
2018,bin,nonowner,1000000,95,105641745,1
2018,bin,nonowner,1250000,79,107696513,1
2018,bin,nonowner,1500000,45,71658611,1
2018,bin,nonowner,1750000,35,64617981,1
2018,bin,nonowner,2000000,19,40502654,1
2018,bin,nonowner,2250000,17,40102000,1
2018,bin,nonowner,2500000,6,15695150,1
2018,bin,nonowner,2750000,15,43305769,1
2018,bin,nonowner,3000000,17,53007500,1
2018,bin,nonowner,3250000,15,50634250,1
2018,bin,nonowner,3500000,15,54580000,1
2018,bin,nonowner,3750000,6,23050000,1
2018,bin,nonowner,4000000,11,45165888,1
2018,bin,nonowner,4250000,6,25963000,1
2018,bin,nonowner,4500000,5,22744000,1
2018,bin,nonowner,4750000,5,24450000,1
2018,bin,nonowner,5000000,1,5150000,1
2018,bin,nonowner,5500000,1,5500000,1
2018,bin,nonowner,5750000,1,5999999,1
2018,bin,nonowner,6000000,3,18750000,1
2018,bin,nonowner,6500000,2,13325000,1
2018,bin,nonowner,7000000,2,14550888,1
2018,bin,nonowner,7500000,1,7750000,1
2018,bin,nonowner,8500000,1,8750000,1
2018,bin,nonowner,9000000,1,9300000,1
2018,bin,nonres,0,358,58391428,1
2018,bin,nonres,600000,77,53354164,1
2018,bin,nonres,800000,27,23637781,1
2018,bin,nonres,1000000,11,12015000,1
2018,bin,nonres,1250000,10,13821005,1
2018,bin,nonres,1500000,21,33080518,1
2018,bin,nonres,1750000,3,5699999,1
2018,bin,nonres,2000000,1,2000000,1
2018,bin,nonres,2250000,2,4600000,1
2018,bin,nonres,2500000,1,2568750,1
2018,bin,nonres,2750000,2,5574943,1
2018,bin,nonres,3000000,1,3000000,1
2018,bin,nonres,3250000,1,3300000,1
2018,bin,nonres,3750000,1,3788447,1
2018,bin,nonres,4000000,1,4000000,1
2018,bin,nonres,5000000,2,10120000,1
2018,bin,nonres,5500000,1,5530000,1
2018,bin,nonres,5750000,2,11801000,1
2018,bin,nonres,6000000,1,6000000,1
2018,bin,nonres,6500000,1,6750000,1
2018,bin,nonres,7500000,3,22975000,1
2018,bin,nonres,8000000,1,8000000,1
2018,bin,nonres,8500000,1,8575000,1
2018,bin,nonres,9000000,1,9250000,1
2018,mf,owner,0,1,1000,6
2018,mf,owner,0,1,1000,14
2018,mf,owner,0,1,470,132
2018,mf,nonowner,0,1,361900,5
2018,mf,nonowner,0,1,27575,14
2018,mf,nonowner,800000,1,828000,5
2018,mf,nonres,0,1,2000,6
2018,mf,nonres,5750000,1,5750000,68
2018,top,nonowner,10000000,1,11350000,1
2018,top,nonowner,10000000,1,16000000,1
2018,top,nonres,10000000,1,10500000,1
2018,top,nonres,10000000,1,10840000,1
2018,top,nonres,10000000,1,11500000,1
2018,top,nonres,10000000,1,12000000,1
2018,top,nonres,10000000,1,12565200,1
2018,top,nonres,10000000,1,13650000,1
2018,top,nonres,10000000,1,13970000,1
2018,top,nonres,10000000,1,21500000,1
2018,top,nonres,10000000,1,22800000,1
2018,top,nonres,10000000,1,26770000,1
2018,top,nonres,10000000,1,61582234,1
2018,top,nonres,10000000,1,366000000,1
2018,top,nonres,10000000,1,728671811,1
2019,bin,owner,0,952,300997367,1
2019,bin,owner,600000,381,262404327,1
2019,bin,owner,800000,141,124816250,1
2019,bin,owner,1000000,59,65200950,1
2019,bin,owner,1250000,45,60739745,1
2019,bin,owner,1500000,23,36566300,1
2019,bin,owner,1750000,10,18489500,1
2019,bin,owner,2000000,6,12600000,1
2019,bin,owner,2250000,7,16565000,1
2019,bin,owner,2500000,4,10485000,1
2019,bin,owner,2750000,4,11330800,1
2019,bin,owner,3000000,1,3100000,1
2019,bin,owner,3250000,1,3428000,1
2019,bin,owner,6000000,1,6000000,1
2019,bin,owner,8000000,1,8175000,1
2019,bin,owner,9500000,1,9650399,1
2019,bin,nonowner,0,1101,363476656,1
2019,bin,nonowner,600000,333,231010986,1
2019,bin,nonowner,800000,174,154324528,1
2019,bin,nonowner,1000000,122,136049652,1
2019,bin,nonowner,1250000,75,101788069,1
2019,bin,nonowner,1500000,56,90346110,1
2019,bin,nonowner,1750000,27,50587482,1
2019,bin,nonowner,2000000,25,52822808,1
2019,bin,nonowner,2250000,17,39776939,1
2019,bin,nonowner,2500000,14,36035000,1
2019,bin,nonowner,2750000,8,23336999,1
2019,bin,nonowner,3000000,12,37195928,1
2019,bin,nonowner,3250000,12,40015000,1
2019,bin,nonowner,3500000,8,28693215,1
2019,bin,nonowner,3750000,6,22941000,1
2019,bin,nonowner,4000000,3,12420000,1
2019,bin,nonowner,4250000,2,8745000,1
2019,bin,nonowner,4500000,5,22988724,1
2019,bin,nonowner,4750000,4,19745000,1
2019,bin,nonowner,5000000,1,5150000,1
2019,bin,nonowner,5250000,4,21405000,1
2019,bin,nonowner,5500000,1,5725000,1
2019,bin,nonowner,5750000,2,11650000,1
2019,bin,nonowner,6000000,1,6125000,1
2019,bin,nonowner,7000000,5,35875000,1
2019,bin,nonowner,7500000,2,15550000,1
2019,bin,nonowner,8500000,2,17700000,1
2019,bin,nonowner,9000000,1,9000000,1
2019,bin,nonres,0,274,55777529,1
2019,bin,nonres,600000,63,43895301,1
2019,bin,nonres,800000,47,42024894,1
2019,bin,nonres,1000000,20,22028737,1
2019,bin,nonres,1250000,14,19014953,1
2019,bin,nonres,1500000,10,15963564,1
2019,bin,nonres,1750000,7,13058366,1
2019,bin,nonres,2000000,6,12677625,1
2019,bin,nonres,2250000,7,16513226,1
2019,bin,nonres,2500000,8,20791951,1
2019,bin,nonres,2750000,2,5844115,1
2019,bin,nonres,3000000,2,6007622,1
2019,bin,nonres,3250000,3,9993706,1
2019,bin,nonres,3500000,5,18195437,1
2019,bin,nonres,4000000,1,4154415,1
2019,bin,nonres,5000000,1,5200000,1
2019,bin,nonres,5750000,2,11709342,1
2019,bin,nonres,6000000,3,19125164,1
2019,bin,nonres,6500000,4,26727686,1
2019,bin,nonres,7000000,3,21630241,1
2019,bin,nonres,7500000,2,15473591,1
2019,bin,nonres,8500000,1,8975000,1
2019,bin,nonres,9000000,2,18510543,1
2019,bin,nonres,9500000,2,19544000,1
2019,mf,owner,0,1,1000,7
2019,mf,nonres,0,1,326065,5
2019,mf,nonres,0,1,300000,140
2019,mf,nonres,800000,1,976699,140
2019,mf,nonres,1000000,1,1100000,32
2019,mf,nonres,5500000,1,5514100,217
2019,top,owner,10000000,1,10650000,1
2019,top,owner,10000000,1,10700358,1
2019,top,owner,10000000,1,13500000,1
2019,top,owner,10000000,1,19500016,1
2019,top,nonowner,10000000,1,10000000,1
2019,top,nonowner,10000000,1,10300000,1
2019,top,nonowner,10000000,1,13950000,1
2019,top,nonowner,10000000,1,20000000,1
2019,top,nonres,10000000,1,11936912,1
2019,top,nonres,10000000,1,13100000,1
2019,top,nonres,10000000,1,13500000,1
2019,top,nonres,10000000,1,15000000,1
2019,top,nonres,10000000,1,15780677,1
2019,top,nonres,10000000,1,16264347,1
2019,top,nonres,10000000,1,20000000,1
2019,top,nonres,10000000,1,20283217,1
2019,top,nonres,10000000,1,21687834,1
2019,top,nonres,10000000,1,26355799,1
2019,top,nonres,10000000,1,27500000,1
2019,top,nonres,10000000,1,242000000,1
2020,bin,owner,0,743,241417534,1
2020,bin,owner,600000,467,321605398,1
2020,bin,owner,800000,151,133052333,1
2020,bin,owner,1000000,67,74574815,1
2020,bin,owner,1250000,38,51167885,1
2020,bin,owner,1500000,20,32708330,1
2020,bin,owner,1750000,10,18432510,1
2020,bin,owner,2000000,8,16460000,1
2020,bin,owner,2250000,8,18601300,1
2020,bin,owner,2500000,8,20483525,1
2020,bin,owner,3000000,4,12570000,1
2020,bin,owner,3250000,1,3400000,1
2020,bin,owner,3750000,1,3850000,1
2020,bin,owner,4250000,1,4360000,1
2020,bin,owner,6000000,1,6400000,1
2020,bin,nonowner,0,1031,329328780,1
2020,bin,nonowner,600000,297,206862161,1
2020,bin,nonowner,800000,185,162915750,1
2020,bin,nonowner,1000000,85,94871694,1
2020,bin,nonowner,1250000,87,119236197,1
2020,bin,nonowner,1500000,35,56446390,1
2020,bin,nonowner,1750000,39,73619780,1
2020,bin,nonowner,2000000,32,67721000,1
2020,bin,nonowner,2250000,24,56175927,1
2020,bin,nonowner,2500000,17,44294000,1
2020,bin,nonowner,2750000,15,42988900,1
2020,bin,nonowner,3000000,14,43824818,1
2020,bin,nonowner,3250000,13,43189100,1
2020,bin,nonowner,3500000,5,17860000,1
2020,bin,nonowner,3750000,2,7949000,1
2020,bin,nonowner,4000000,5,20575000,1
2020,bin,nonowner,4250000,4,17185000,1
2020,bin,nonowner,4500000,4,18345000,1
2020,bin,nonowner,4750000,1,4925000,1
2020,bin,nonowner,5000000,1,5000000,1
2020,bin,nonowner,5500000,2,11235000,1
2020,bin,nonowner,5750000,1,5890000,1
2020,bin,nonowner,6000000,4,25050000,1
2020,bin,nonowner,6500000,3,20270000,1
2020,bin,nonowner,8000000,1,8400000,1
2020,bin,nonowner,8500000,1,8750000,1
2020,bin,nonowner,9000000,2,18531481,1
2020,bin,nonowner,9500000,3,28900799,1
2020,bin,nonres,0,235,48520029,1
2020,bin,nonres,600000,30,20473823,1
2020,bin,nonres,800000,20,17699482,1
2020,bin,nonres,1000000,14,14982575,1
2020,bin,nonres,1250000,14,18526877,1
2020,bin,nonres,1500000,12,19289144,1
2020,bin,nonres,1750000,3,5788000,1
2020,bin,nonres,2000000,3,6340615,1
2020,bin,nonres,2250000,3,6994513,1
2020,bin,nonres,2500000,3,7795000,1
2020,bin,nonres,2750000,5,14220597,1
2020,bin,nonres,3000000,2,6340000,1
2020,bin,nonres,3500000,1,3650000,1
2020,bin,nonres,3750000,2,7999998,1
2020,bin,nonres,4000000,1,4010000,1
2020,bin,nonres,5500000,1,5500000,1
2020,bin,nonres,6000000,2,12250525,1
2020,bin,nonres,7500000,1,7525000,1
2020,bin,nonres,8500000,1,8700000,1
2020,mf,owner,0,1,1794,5
2020,mf,owner,0,1,475000,5
2020,mf,owner,0,1,20000,6
2020,mf,owner,2000000,1,2100000,5
2020,mf,owner,7000000,1,7284228,6
2020,mf,owner,10000000,1,14056844,158
2020,mf,nonowner,8500000,1,8600000,5
2020,mf,nonres,0,1,100000,5
2020,top,owner,10000000,1,14000000,1
2020,top,nonowner,10000000,1,10500000,1
2020,top,nonowner,10000000,1,10866897,1
2020,top,nonowner,10000000,1,10882867,1
2020,top,nonowner,10000000,1,14000000,1
2020,top,nonres,10000000,1,14930000,1
2020,top,nonres,10000000,1,15131900,1
2020,top,nonres,10000000,1,18644563,1
2020,top,nonres,10000000,1,20130217,1
2021,bin,owner,0,802,255915869,1
2021,bin,owner,600000,421,295942426,1
2021,bin,owner,800000,249,218604396,1
2021,bin,owner,1000000,112,125658110,1
2021,bin,owner,1250000,73,98096060,1
2021,bin,owner,1500000,50,80118305,1
2021,bin,owner,1750000,28,52227490,1
2021,bin,owner,2000000,10,20715000,1
2021,bin,owner,2250000,20,47313519,1
2021,bin,owner,2500000,7,18000000,1
2021,bin,owner,2750000,11,31184000,1
2021,bin,owner,3000000,2,6000000,1
2021,bin,owner,3250000,3,9975000,1
2021,bin,owner,3500000,2,7050000,1
2021,bin,owner,3750000,2,7700000,1
2021,bin,owner,4000000,3,12597000,1
2021,bin,owner,4250000,4,17345000,1
2021,bin,owner,4500000,3,13725000,1
2021,bin,owner,4750000,3,14845000,1
2021,bin,owner,5000000,1,5230000,1
2021,bin,owner,5250000,1,5380000,1
2021,bin,owner,5750000,1,5800000,1
2021,bin,owner,6000000,1,6485000,1
2021,bin,owner,6500000,2,13525000,1
2021,bin,owner,7000000,2,14175000,1
2021,bin,owner,8000000,1,8000000,1
2021,bin,owner,9000000,1,9100000,1
2021,bin,nonowner,0,1144,395173309,1
2021,bin,nonowner,600000,383,266667260,1
2021,bin,nonowner,800000,294,258914338,1
2021,bin,nonowner,1000000,154,172000204,1
2021,bin,nonowner,1250000,132,177528950,1
2021,bin,nonowner,1500000,94,151122596,1
2021,bin,nonowner,1750000,63,117106440,1
2021,bin,nonowner,2000000,35,74523730,1
2021,bin,nonowner,2250000,34,79822000,1
2021,bin,nonowner,2500000,22,57122100,1
2021,bin,nonowner,2750000,29,82390968,1
2021,bin,nonowner,3000000,17,52693500,1
2021,bin,nonowner,3250000,17,57514500,1
2021,bin,nonowner,3500000,20,71566500,1
2021,bin,nonowner,3750000,17,65369999,1
2021,bin,nonowner,4000000,12,49051000,1
2021,bin,nonowner,4250000,8,34836601,1
2021,bin,nonowner,4500000,10,46350000,1
2021,bin,nonowner,4750000,5,24364670,1
2021,bin,nonowner,5000000,12,61261685,1
2021,bin,nonowner,5250000,9,48249000,1
2021,bin,nonowner,5500000,2,11250000,1
2021,bin,nonowner,5750000,3,17599990,1
2021,bin,nonowner,6000000,5,31150091,1
2021,bin,nonowner,6500000,8,53705214,1
2021,bin,nonowner,7000000,4,28561394,1
2021,bin,nonowner,7500000,2,15059793,1
2021,bin,nonowner,8000000,3,24200000,1
2021,bin,nonowner,8500000,3,25700000,1
2021,bin,nonowner,9000000,1,9000000,1
2021,bin,nonowner,9500000,1,9999000,1
2021,bin,nonres,0,290,72748196,1
2021,bin,nonres,600000,56,38702042,1
2021,bin,nonres,800000,65,57402678,1
2021,bin,nonres,1000000,29,32491624,1
2021,bin,nonres,1250000,20,26952052,1
2021,bin,nonres,1500000,20,31728823,1
2021,bin,nonres,1750000,13,24066059,1
2021,bin,nonres,2000000,8,16890319,1
2021,bin,nonres,2250000,4,9644000,1
2021,bin,nonres,2500000,6,15523726,1
2021,bin,nonres,2750000,6,16850000,1
2021,bin,nonres,3000000,2,6226531,1
2021,bin,nonres,3250000,1,3250000,1
2021,bin,nonres,3500000,5,18066303,1
2021,bin,nonres,3750000,2,7799999,1
2021,bin,nonres,4000000,1,4203481,1
2021,bin,nonres,4500000,1,4700000,1
2021,bin,nonres,4750000,1,4800000,1
2021,bin,nonres,5000000,1,5100000,1
2021,bin,nonres,5500000,2,11056990,1
2021,bin,nonres,6000000,2,12207124,1
2021,bin,nonres,6500000,1,6666667,1
2021,bin,nonres,7500000,2,15466667,1
2021,bin,nonres,8000000,1,8250000,1
2021,bin,nonres,8500000,1,8650000,1
2021,bin,nonres,9000000,1,9000000,1
2021,bin,nonres,9500000,2,19660000,1
2021,mf,owner,0,1,100,7
2021,mf,owner,0,1,100,7
2021,mf,nonowner,0,1,50000,13
2021,top,owner,10000000,1,24000000,1
2021,top,nonowner,10000000,1,10000000,1
2021,top,nonowner,10000000,1,10500000,1
2021,top,nonowner,10000000,1,10800088,1
2021,top,nonowner,10000000,1,10900000,1
2021,top,nonowner,10000000,1,11100000,1
2021,top,nonowner,10000000,1,12000000,1
2021,top,nonowner,10000000,1,12500000,1
2021,top,nonowner,10000000,1,12500000,1
2021,top,nonowner,10000000,1,14000000,1
2021,top,nonowner,10000000,1,14500000,1
2021,top,nonowner,10000000,1,14750000,1
2021,top,nonowner,10000000,1,15400000,1
2021,top,nonowner,10000000,1,15500000,1
2021,top,nonowner,10000000,1,15750000,1
2021,top,nonowner,10000000,1,19000000,1
2021,top,nonowner,10000000,1,25000000,1
2021,top,nonres,10000000,1,10100000,1
2021,top,nonres,10000000,1,11500000,1
2021,top,nonres,10000000,1,15965764,1
2021,top,nonres,10000000,1,16100000,1
2021,top,nonres,10000000,1,16471575,1
2021,top,nonres,10000000,1,24600000,1
2021,top,nonres,10000000,1,24750000,1
2021,top,nonres,10000000,1,63750000,1
2021,top,nonres,10000000,1,99300000,1
2022,bin,owner,0,555,151116423,1
2022,bin,owner,600000,216,151187914,1
2022,bin,owner,800000,306,271919662,1
2022,bin,owner,1000000,156,174126601,1
2022,bin,owner,1250000,99,133949838,1
2022,bin,owner,1500000,55,88103405,1
2022,bin,owner,1750000,44,82245777,1
2022,bin,owner,2000000,26,54904388,1
2022,bin,owner,2250000,13,30594000,1
2022,bin,owner,2500000,21,54252044,1
2022,bin,owner,2750000,9,25990000,1
2022,bin,owner,3000000,4,12211900,1
2022,bin,owner,3250000,7,23431000,1
2022,bin,owner,3500000,8,28558000,1
2022,bin,owner,3750000,2,7550000,1
2022,bin,owner,4000000,4,16300000,1
2022,bin,owner,4250000,1,4300000,1
2022,bin,owner,4500000,4,18574000,1
2022,bin,owner,4750000,4,19590000,1
2022,bin,owner,5000000,1,5000000,1
2022,bin,owner,5250000,2,10720000,1
2022,bin,owner,5500000,1,5520000,1
2022,bin,owner,5750000,1,5750000,1
2022,bin,owner,6000000,1,6250000,1
2022,bin,owner,6500000,1,6525000,1
2022,bin,owner,7000000,2,14050000,1
2022,bin,owner,8500000,1,8520000,1
2022,bin,nonowner,0,976,309558425,1
2022,bin,nonowner,600000,457,319237977,1
2022,bin,nonowner,800000,402,359904970,1
2022,bin,nonowner,1000000,218,243657314,1
2022,bin,nonowner,1250000,162,219698719,1
2022,bin,nonowner,1500000,126,203273765,1
2022,bin,nonowner,1750000,96,179811775,1
2022,bin,nonowner,2000000,55,116746200,1
2022,bin,nonowner,2250000,47,110332900,1
2022,bin,nonowner,2500000,40,104132874,1
2022,bin,nonowner,2750000,30,85140553,1
2022,bin,nonowner,3000000,19,59171000,1
2022,bin,nonowner,3250000,14,46685000,1
2022,bin,nonowner,3500000,22,79042100,1
2022,bin,nonowner,3750000,16,62554384,1
2022,bin,nonowner,4000000,13,53801000,1
2022,bin,nonowner,4250000,13,56870000,1
2022,bin,nonowner,4500000,9,40961600,1
2022,bin,nonowner,4750000,8,38810000,1
2022,bin,nonowner,5000000,9,45200000,1
2022,bin,nonowner,5250000,6,32032000,1
2022,bin,nonowner,5500000,5,27850000,1
2022,bin,nonowner,5750000,5,29593000,1
2022,bin,nonowner,6000000,7,43700000,1
2022,bin,nonowner,6500000,7,47230000,1
2022,bin,nonowner,7000000,4,28675000,1
2022,bin,nonowner,7500000,4,30718000,1
2022,bin,nonowner,8000000,6,48100000,1
2022,bin,nonowner,8500000,4,35250000,1
2022,bin,nonowner,9000000,2,18550000,1
2022,bin,nonowner,9500000,1,9830000,1
2022,bin,nonres,0,258,56012957,1
2022,bin,nonres,600000,61,42743351,1
2022,bin,nonres,800000,46,40773579,1
2022,bin,nonres,1000000,40,44551748,1
2022,bin,nonres,1250000,18,24796775,1
2022,bin,nonres,1500000,15,23715032,1
2022,bin,nonres,1750000,12,22283784,1
2022,bin,nonres,2000000,12,24847267,1
2022,bin,nonres,2250000,9,21178000,1
2022,bin,nonres,2500000,4,10312020,1
2022,bin,nonres,2750000,4,11565000,1
2022,bin,nonres,3000000,10,30827722,1
2022,bin,nonres,3250000,3,9850000,1
2022,bin,nonres,3500000,4,14397385,1
2022,bin,nonres,3750000,5,19212422,1
2022,bin,nonres,4000000,2,8200000,1
2022,bin,nonres,4250000,3,13050250,1
2022,bin,nonres,4500000,2,9250000,1
2022,bin,nonres,4750000,2,9724125,1
2022,bin,nonres,5000000,2,10225000,1
2022,bin,nonres,5250000,1,5250000,1
2022,bin,nonres,5500000,3,16590000,1
2022,bin,nonres,6000000,4,24340000,1
2022,bin,nonres,6500000,1,6850000,1
2022,bin,nonres,7000000,3,21388000,1
2022,bin,nonres,7500000,1,7800000,1
2022,bin,nonres,8000000,1,8300000,1
2022,mf,owner,0,1,13136,5
2022,mf,nonowner,0,1,575000,5
2022,mf,nonowner,0,1,2000,7
2022,mf,nonowner,2000000,1,2176400,7
2022,mf,nonowner,2500000,1,2500000,5
2022,mf,nonres,10000000,1,12000000,217
2022,top,owner,10000000,1,12900000,1
2022,top,owner,10000000,1,26490700,1
2022,top,nonowner,10000000,1,10000000,1
2022,top,nonowner,10000000,1,10200000,1
2022,top,nonowner,10000000,1,11256119,1
2022,top,nonowner,10000000,1,11650000,1
2022,top,nonowner,10000000,1,11900000,1
2022,top,nonowner,10000000,1,12000000,1
2022,top,nonowner,10000000,1,12000000,1
2022,top,nonowner,10000000,1,12500000,1
2022,top,nonowner,10000000,1,12500000,1
2022,top,nonowner,10000000,1,12875000,1
2022,top,nonowner,10000000,1,13295000,1
2022,top,nonowner,10000000,1,13500000,1
2022,top,nonowner,10000000,1,15000000,1
2022,top,nonowner,10000000,1,15000000,1
2022,top,nonowner,10000000,1,16000000,1
2022,top,nonowner,10000000,1,16013250,1
2022,top,nonowner,10000000,1,16200000,1
2022,top,nonowner,10000000,1,16750000,1
2022,top,nonowner,10000000,1,17200000,1
2022,top,nonowner,10000000,1,17500000,1
2022,top,nonowner,10000000,1,18000000,1
2022,top,nonowner,10000000,1,18000000,1
2022,top,nonowner,10000000,1,18500000,1
2022,top,nonowner,10000000,1,18750000,1
2022,top,nonowner,10000000,1,24000000,1
2022,top,nonowner,10000000,1,45000000,1
2022,top,nonres,10000000,1,10900000,1
2022,top,nonres,10000000,1,11000000,1
2022,top,nonres,10000000,1,11779737,1
2022,top,nonres,10000000,1,13015000,1
2022,top,nonres,10000000,1,16500000,1
2022,top,nonres,10000000,1,16565657,1
2022,top,nonres,10000000,1,23200000,1
2022,top,nonres,10000000,1,24000000,1
2022,top,nonres,10000000,1,29776000,1
2022,top,nonres,10000000,1,37648000,1
2022,top,nonres,10000000,1,347250000,1
2023,bin,owner,0,350,90599340,1
2023,bin,owner,600000,129,90432953,1
2023,bin,owner,800000,239,214750990,1
2023,bin,owner,1000000,98,108871435,1
2023,bin,owner,1250000,77,103810994,1
2023,bin,owner,1500000,40,64857000,1
2023,bin,owner,1750000,29,53803025,1
2023,bin,owner,2000000,10,21155000,1
2023,bin,owner,2250000,13,30475000,1
2023,bin,owner,2500000,4,10520000,1
2023,bin,owner,2750000,5,14149000,1
2023,bin,owner,3000000,5,15481100,1
2023,bin,owner,3250000,1,3345000,1
2023,bin,owner,3500000,3,10894892,1
2023,bin,owner,3750000,2,7800000,1
2023,bin,owner,4000000,1,4050000,1
2023,bin,owner,4250000,4,17192000,1
2023,bin,owner,4500000,1,4500000,1
2023,bin,owner,5000000,2,10300000,1
2023,bin,owner,5750000,3,17625000,1
2023,bin,owner,6000000,1,6350000,1
2023,bin,owner,7000000,2,14350000,1
2023,bin,owner,7500000,1,7900000,1
2023,bin,owner,8500000,1,8900000,1
2023,bin,owner,9000000,1,9200000,1
2023,bin,owner,9500000,2,19600000,1
2023,bin,nonowner,0,509,134124702,1
2023,bin,nonowner,600000,225,158058388,1
2023,bin,nonowner,800000,229,203060696,1
2023,bin,nonowner,1000000,174,194281444,1
2023,bin,nonowner,1250000,112,151633913,1
2023,bin,nonowner,1500000,79,126015170,1
2023,bin,nonowner,1750000,51,95566900,1
2023,bin,nonowner,2000000,32,67091400,1
2023,bin,nonowner,2250000,19,44372500,1
2023,bin,nonowner,2500000,20,51807005,1
2023,bin,nonowner,2750000,11,31358000,1
2023,bin,nonowner,3000000,13,40342236,1
2023,bin,nonowner,3250000,8,26933100,1
2023,bin,nonowner,3500000,8,28862005,1
2023,bin,nonowner,3750000,8,30984800,1
2023,bin,nonowner,4000000,5,20240858,1
2023,bin,nonowner,4250000,4,17525000,1
2023,bin,nonowner,4500000,6,27353100,1
2023,bin,nonowner,4750000,5,24280000,1
2023,bin,nonowner,5000000,4,20212500,1
2023,bin,nonowner,5250000,4,21150000,1
2023,bin,nonowner,5500000,6,33615000,1
2023,bin,nonowner,5750000,4,23349990,1
2023,bin,nonowner,6000000,4,24825000,1
2023,bin,nonowner,6500000,1,6500000,1
2023,bin,nonowner,7000000,1,7200000,1
2023,bin,nonowner,7500000,7,53835400,1
2023,bin,nonowner,8000000,3,24400000,1
2023,bin,nonowner,8500000,1,8930000,1
2023,bin,nonres,0,235,68861703,1
2023,bin,nonres,600000,32,21902735,1
2023,bin,nonres,800000,34,30590084,1
2023,bin,nonres,1000000,30,33017772,1
2023,bin,nonres,1250000,13,18044969,1
2023,bin,nonres,1500000,18,28890948,1
2023,bin,nonres,1750000,11,20521218,1
2023,bin,nonres,2000000,7,14722857,1
2023,bin,nonres,2250000,6,14492600,1
2023,bin,nonres,2500000,7,18075120,1
2023,bin,nonres,2750000,1,2850000,1
2023,bin,nonres,3000000,2,6098316,1
2023,bin,nonres,3250000,3,10099700,1
2023,bin,nonres,3500000,5,17868274,1
2023,bin,nonres,3750000,3,11497772,1
2023,bin,nonres,4000000,2,8437000,1
2023,bin,nonres,4250000,4,17400028,1
2023,bin,nonres,4500000,1,4600000,1
2023,bin,nonres,4750000,1,4900000,1
2023,bin,nonres,5000000,1,5100000,1
2023,bin,nonres,5250000,2,10643775,1
2023,bin,nonres,5750000,1,5852286,1
2023,bin,nonres,7500000,1,7550000,1
2023,bin,nonres,9500000,1,9875000,1
2023,mf,owner,0,1,10,5
2023,mf,owner,0,1,10,13
2023,mf,owner,800000,1,974400,10
2023,mf,owner,800000,1,994896,10
2023,mf,owner,800000,1,994952,10
2023,mf,owner,3000000,1,3080000,10
2023,mf,nonowner,4000000,1,4000000,5
2023,mf,nonres,600000,1,716800,10
2023,mf,nonres,800000,1,857040,10
2023,mf,nonres,800000,1,968688,10
2023,top,nonowner,10000000,1,10000000,1
2023,top,nonowner,10000000,1,10110913,1
2023,top,nonowner,10000000,1,10250000,1
2023,top,nonowner,10000000,1,10800000,1
2023,top,nonowner,10000000,1,10979404,1
2023,top,nonowner,10000000,1,11040000,1
2023,top,nonowner,10000000,1,11091756,1
2023,top,nonowner,10000000,1,11213315,1
2023,top,nonowner,10000000,1,12981273,1
2023,top,nonowner,10000000,1,13000000,1
2023,top,nonowner,10000000,1,16500000,1
2023,top,nonowner,10000000,1,20750000,1
2023,top,nonowner,10000000,1,28500000,1
2023,top,nonowner,10000000,1,32673491,1
2023,top,nonres,10000000,1,10000000,1
2023,top,nonres,10000000,1,10500000,1
2023,top,nonres,10000000,1,11100000,1
2023,top,nonres,10000000,1,11575000,1
2023,top,nonres,10000000,1,17500000,1
2023,top,nonres,10000000,1,37250000,1
2024,bin,owner,0,318,74410135,1
2024,bin,owner,600000,137,94955916,1
2024,bin,owner,800000,127,113787405,1
2024,bin,owner,1000000,130,147219321,1
2024,bin,owner,1250000,106,142498660,1
2024,bin,owner,1500000,42,67012836,1
2024,bin,owner,1750000,31,58126814,1
2024,bin,owner,2000000,15,32080850,1
2024,bin,owner,2250000,14,32645000,1
2024,bin,owner,2500000,10,25833550,1
2024,bin,owner,2750000,7,19689608,1
2024,bin,owner,3000000,6,18662000,1
2024,bin,owner,3250000,3,10075000,1
2024,bin,owner,3500000,2,7105000,1
2024,bin,owner,3750000,3,11438275,1
2024,bin,owner,4000000,1,4000000,1
2024,bin,owner,4750000,1,4750000,1
2024,bin,owner,5500000,1,5513000,1
2024,bin,owner,6000000,1,6450000,1
2024,bin,owner,6500000,1,6977950,1
2024,bin,owner,7500000,1,7500000,1
2024,bin,owner,9000000,1,9267009,1
2024,bin,nonowner,0,412,112864400,1
2024,bin,nonowner,600000,199,140414133,1
2024,bin,nonowner,800000,198,176789765,1
2024,bin,nonowner,1000000,104,115864454,1
2024,bin,nonowner,1250000,118,159586002,1
2024,bin,nonowner,1500000,96,154537325,1
2024,bin,nonowner,1750000,53,99327122,1
2024,bin,nonowner,2000000,23,49013237,1
2024,bin,nonowner,2250000,26,61326141,1
2024,bin,nonowner,2500000,30,78670350,1
2024,bin,nonowner,2750000,19,54499705,1
2024,bin,nonowner,3000000,11,33872350,1
2024,bin,nonowner,3250000,18,59914400,1
2024,bin,nonowner,3500000,17,61062450,1
2024,bin,nonowner,3750000,12,46426000,1
2024,bin,nonowner,4000000,13,53345000,1
2024,bin,nonowner,4250000,6,26123501,1
2024,bin,nonowner,4500000,5,22985000,1
2024,bin,nonowner,4750000,6,29250000,1
2024,bin,nonowner,5000000,7,35605367,1
2024,bin,nonowner,5250000,6,32345000,1
2024,bin,nonowner,5500000,2,11150000,1
2024,bin,nonowner,5750000,3,17400000,1
2024,bin,nonowner,6000000,7,43390000,1
2024,bin,nonowner,6500000,7,46425000,1
2024,bin,nonowner,7000000,1,7250000,1
2024,bin,nonowner,7500000,3,23050713,1
2024,bin,nonowner,8000000,1,8400000,1
2024,bin,nonowner,8500000,1,8600000,1
2024,bin,nonowner,9000000,1,9209379,1
2024,bin,nonowner,9500000,2,19561030,1
2024,bin,nonres,0,143,31178358,1
2024,bin,nonres,600000,30,20116550,1
2024,bin,nonres,800000,32,28112901,1
2024,bin,nonres,1000000,13,14733729,1
2024,bin,nonres,1250000,13,17230047,1
2024,bin,nonres,1500000,17,27080123,1
2024,bin,nonres,1750000,6,11036963,1
2024,bin,nonres,2000000,11,22980000,1
2024,bin,nonres,2250000,5,11620898,1
2024,bin,nonres,2500000,4,10534631,1
2024,bin,nonres,2750000,4,11207940,1
2024,bin,nonres,3000000,2,6000000,1
2024,bin,nonres,3500000,3,10700000,1
2024,bin,nonres,3750000,6,23171000,1
2024,bin,nonres,4000000,2,8130000,1
2024,bin,nonres,4250000,2,8700000,1
2024,bin,nonres,4500000,1,4650000,1
2024,bin,nonres,4750000,1,4950000,1
2024,bin,nonres,5000000,4,20145000,1
2024,bin,nonres,5250000,1,5301283,1
2024,bin,nonres,5500000,1,5500000,1
2024,bin,nonres,5750000,1,5800000,1
2024,bin,nonres,6000000,4,25412500,1
2024,bin,nonres,6500000,4,26900000,1
2024,bin,nonres,7000000,2,14400000,1
2024,bin,nonres,7500000,2,15612500,1
2024,bin,nonres,8000000,2,16325000,1
2024,bin,nonres,8500000,1,8500000,1
2024,bin,nonres,9500000,2,19700000,1
2024,mf,nonowner,1500000,1,1600000,5
2024,mf,nonowner,6500000,1,6600000,147
2024,top,owner,10000000,1,12365651,1
2024,top,nonowner,10000000,1,10000000,1
2024,top,nonowner,10000000,1,10000000,1
2024,top,nonowner,10000000,1,10315797,1
2024,top,nonowner,10000000,1,10331797,1
2024,top,nonowner,10000000,1,10900000,1
2024,top,nonowner,10000000,1,11040260,1
2024,top,nonowner,10000000,1,11500000,1
2024,top,nonowner,10000000,1,11750000,1
2024,top,nonowner,10000000,1,12000000,1
2024,top,nonowner,10000000,1,12000000,1
2024,top,nonowner,10000000,1,12108026,1
2024,top,nonowner,10000000,1,12682808,1
2024,top,nonowner,10000000,1,12916119,1
2024,top,nonowner,10000000,1,13280156,1
2024,top,nonowner,10000000,1,13700000,1
2024,top,nonowner,10000000,1,14300000,1
2024,top,nonowner,10000000,1,15500000,1
2024,top,nonowner,10000000,1,16000000,1
2024,top,nonowner,10000000,1,18500000,1
2024,top,nonowner,10000000,1,23100000,1
2024,top,nonowner,10000000,1,38500000,1
2024,top,nonowner,10000000,1,43579000,1
2024,top,nonres,10000000,1,10200000,1
2024,top,nonres,10000000,1,11700000,1
2024,top,nonres,10000000,1,11700000,1
2024,top,nonres,10000000,1,11940000,1
2024,top,nonres,10000000,1,13500000,1
2024,top,nonres,10000000,1,14903134,1
2024,top,nonres,10000000,1,17000000,1
2024,top,nonres,10000000,1,38000000,1
2024,top,nonres,10000000,1,325100000,1
2025,bin,owner,0,270,58519341,1
2025,bin,owner,600000,109,75822849,1
2025,bin,owner,800000,101,92009640,1
2025,bin,owner,1000000,107,120253512,1
2025,bin,owner,1250000,123,166682455,1
2025,bin,owner,1500000,51,81915689,1
2025,bin,owner,1750000,31,56648150,1
2025,bin,owner,2000000,19,40229888,1
2025,bin,owner,2250000,13,30414276,1
2025,bin,owner,2500000,13,33480000,1
2025,bin,owner,2750000,9,25459108,1
2025,bin,owner,3000000,5,15713746,1
2025,bin,owner,3250000,3,9950000,1
2025,bin,owner,3500000,3,10750000,1
2025,bin,owner,4000000,5,20313000,1
2025,bin,owner,4750000,2,9925000,1
2025,bin,owner,5000000,1,5100000,1
2025,bin,owner,5250000,1,5325000,1
2025,bin,owner,5500000,2,11000000,1
2025,bin,owner,6000000,2,12100000,1
2025,bin,owner,6500000,2,13430000,1
2025,bin,owner,7500000,3,22975000,1
2025,bin,owner,8000000,1,8194207,1
2025,bin,owner,9500000,1,9900000,1
2025,bin,nonowner,0,364,99758435,1
2025,bin,nonowner,600000,166,115488610,1
2025,bin,nonowner,800000,126,112958208,1
2025,bin,nonowner,1000000,104,116430545,1
2025,bin,nonowner,1250000,88,118568383,1
2025,bin,nonowner,1500000,72,115990251,1
2025,bin,nonowner,1750000,45,84041349,1
2025,bin,nonowner,2000000,38,80290587,1
2025,bin,nonowner,2250000,17,39976650,1
2025,bin,nonowner,2500000,18,46592362,1
2025,bin,nonowner,2750000,16,45842000,1
2025,bin,nonowner,3000000,10,31109400,1
2025,bin,nonowner,3250000,7,23437500,1
2025,bin,nonowner,3500000,11,39525000,1
2025,bin,nonowner,3750000,10,38599449,1
2025,bin,nonowner,4000000,10,40809839,1
2025,bin,nonowner,4250000,5,21690000,1
2025,bin,nonowner,4500000,7,32185000,1
2025,bin,nonowner,4750000,2,9945000,1
2025,bin,nonowner,5000000,6,30558622,1
2025,bin,nonowner,5250000,4,21200000,1
2025,bin,nonowner,5500000,2,11100000,1
2025,bin,nonowner,5750000,4,23277000,1
2025,bin,nonowner,6000000,6,37005000,1
2025,bin,nonowner,6500000,3,20150000,1
2025,bin,nonowner,7000000,3,21778395,1
2025,bin,nonowner,7500000,1,7600000,1
2025,bin,nonowner,8000000,5,40413000,1
2025,bin,nonowner,8500000,3,25905000,1
2025,bin,nonres,0,149,27950559,1
2025,bin,nonres,600000,32,21741088,1
2025,bin,nonres,800000,27,23935562,1
2025,bin,nonres,1000000,11,12358999,1
2025,bin,nonres,1250000,11,14641525,1
2025,bin,nonres,1500000,13,21008821,1
2025,bin,nonres,1750000,15,27150151,1
2025,bin,nonres,2000000,5,10533333,1
2025,bin,nonres,2250000,5,11797962,1
2025,bin,nonres,2500000,6,15411281,1
2025,bin,nonres,2750000,3,8415438,1
2025,bin,nonres,3000000,3,9368000,1
2025,bin,nonres,3250000,3,10146000,1
2025,bin,nonres,3500000,2,7397100,1
2025,bin,nonres,3750000,2,7750000,1
2025,bin,nonres,4000000,4,16576500,1
2025,bin,nonres,4250000,2,8550000,1
2025,bin,nonres,4500000,2,9431000,1
2025,bin,nonres,5500000,2,11364565,1
2025,bin,nonres,5750000,2,11636000,1
2025,bin,nonres,6000000,2,12460000,1
2025,bin,nonres,6500000,1,6500000,1
2025,bin,nonres,8000000,2,16000000,1
2025,bin,nonres,8500000,1,8900002,1
2025,bin,nonres,9000000,2,18415000,1
2025,mf,owner,0,1,100,6
2025,mf,owner,800000,1,820000,5
2025,mf,nonowner,3000000,1,3200000,10
2025,mf,nonres,3250000,1,3400000,84
2025,top,owner,10000000,1,14470000,1
2025,top,owner,10000000,1,16300000,1
2025,top,nonowner,10000000,1,10900000,1
2025,top,nonowner,10000000,1,11000000,1
2025,top,nonowner,10000000,1,12023337,1
2025,top,nonowner,10000000,1,12350000,1
2025,top,nonowner,10000000,1,12600000,1
2025,top,nonowner,10000000,1,13500000,1
2025,top,nonowner,10000000,1,16000000,1
2025,top,nonowner,10000000,1,17000000,1
2025,top,nonowner,10000000,1,17250000,1
2025,top,nonowner,10000000,1,22000000,1
2025,top,nonowner,10000000,1,25500000,1
2025,top,nonowner,10000000,1,26450000,1
2025,top,nonres,10000000,1,10000000,1
2025,top,nonres,10000000,1,12000000,1
2025,top,nonres,10000000,1,13250000,1
2025,top,nonres,10000000,1,14000000,1
2025,top,nonres,10000000,1,16622825,1
2025,top,nonres,10000000,1,20000000,1
2026,bin,owner,0,323,75243124,1
2026,bin,owner,600000,86,59581386,1
2026,bin,owner,800000,128,114637128,1
2026,bin,owner,1000000,121,136460184,1
2026,bin,owner,1250000,92,124977038,1
2026,bin,owner,1500000,42,67388443,1
2026,bin,owner,1750000,35,65150398,1
2026,bin,owner,2000000,15,31927022,1
2026,bin,owner,2250000,11,26304000,1
2026,bin,owner,2500000,10,26080000,1
2026,bin,owner,2750000,10,28927000,1
2026,bin,owner,3000000,4,12255500,1
2026,bin,owner,3500000,3,10799000,1
2026,bin,owner,3750000,6,22835000,1
2026,bin,owner,5250000,1,5250000,1
2026,bin,owner,5750000,3,17600000,1
2026,bin,owner,6000000,2,12485000,1
2026,bin,owner,7500000,1,7800000,1
2026,bin,owner,9500000,1,9500000,1
2026,bin,nonowner,0,457,127617646,1
2026,bin,nonowner,600000,154,104448123,1
2026,bin,nonowner,800000,108,96967838,1
2026,bin,nonowner,1000000,92,103579061,1
2026,bin,nonowner,1250000,79,106975560,1
2026,bin,nonowner,1500000,68,108188527,1
2026,bin,nonowner,1750000,41,75588931,1
2026,bin,nonowner,2000000,28,59466743,1
2026,bin,nonowner,2250000,15,35385172,1
2026,bin,nonowner,2500000,20,52871600,1
2026,bin,nonowner,2750000,14,39925000,1
2026,bin,nonowner,3000000,13,40464333,1
2026,bin,nonowner,3250000,10,33171000,1
2026,bin,nonowner,3500000,10,36046465,1
2026,bin,nonowner,3750000,8,30744600,1
2026,bin,nonowner,4000000,10,40800300,1
2026,bin,nonowner,4250000,6,25835000,1
2026,bin,nonowner,4500000,4,18250000,1
2026,bin,nonowner,4750000,4,19490000,1
2026,bin,nonowner,5000000,8,40575000,1
2026,bin,nonowner,5250000,2,10700000,1
2026,bin,nonowner,5500000,4,22400000,1
2026,bin,nonowner,5750000,2,11989999,1
2026,bin,nonowner,6000000,2,12310000,1
2026,bin,nonowner,6500000,3,19725000,1
2026,bin,nonowner,7500000,3,23345000,1
2026,bin,nonowner,9000000,2,18175000,1
2026,bin,nonres,0,168,39466920,1
2026,bin,nonres,600000,45,30163607,1
2026,bin,nonres,800000,21,18825325,1
2026,bin,nonres,1000000,19,21170388,1
2026,bin,nonres,1250000,17,22907637,1
2026,bin,nonres,1500000,15,24247179,1
2026,bin,nonres,1750000,13,24076171,1
2026,bin,nonres,2000000,11,23120333,1
2026,bin,nonres,2250000,50,121588521,1
2026,bin,nonres,2500000,2,5051748,1
2026,bin,nonres,2750000,3,8582321,1
2026,bin,nonres,3000000,5,15700000,1
2026,bin,nonres,3250000,2,6625000,1
2026,bin,nonres,3500000,1,3670000,1
2026,bin,nonres,3750000,2,7663545,1
2026,bin,nonres,4000000,1,4030000,1
2026,bin,nonres,4500000,1,4700000,1
2026,bin,nonres,4750000,1,4900000,1
2026,bin,nonres,5000000,2,10350000,1
2026,bin,nonres,6000000,1,6100000,1
2026,bin,nonres,6500000,2,13300000,1
2026,bin,nonres,7000000,3,21668500,1
2026,bin,nonres,7500000,2,15848861,1
2026,bin,nonres,8000000,2,16241532,1
2026,bin,nonres,8500000,1,8993650,1
2026,mf,nonowner,2250000,1,2475000,7
2026,top,owner,10000000,1,11000000,1
2026,top,owner,10000000,1,13400000,1
2026,top,nonowner,10000000,1,10500000,1
2026,top,nonowner,10000000,1,12300000,1
2026,top,nonowner,10000000,1,12900000,1
2026,top,nonowner,10000000,1,18000000,1
2026,top,nonowner,10000000,1,18500000,1
2026,top,nonres,10000000,1,10000000,1
2026,top,nonres,10000000,1,10806933,1
2026,top,nonres,10000000,1,12014000,1
2026,top,nonres,10000000,1,13565445,1
2026,top,nonres,10000000,1,15500000,1
2026,top,nonres,10000000,1,17014974,1
2026,top,nonres,10000000,1,17550000,1
2026,top,nonres,10000000,1,19541725,1
2026,top,nonres,10000000,1,22555275,1
2026,top,nonres,10000000,1,32123756,1
2026,top,nonres,10000000,1,37888770,1
