fy,category,owner_occupied_now,condo,value_lo,price_lo,count,sum_price,sum_value
2023,owner,0,0,0,0,2,364950,389600
2023,owner,0,0,300000,0,9,4132700,4217800
2023,owner,0,0,300000,600000,1,675000,351100
2023,owner,0,0,300000,800000,1,825000,397300
2023,owner,0,0,600000,0,3,1300200,2051000
2023,owner,0,0,600000,600000,4,2620000,2911300
2023,owner,0,0,600000,800000,2,1847500,1491500
2023,owner,0,0,600000,1000000,1,1070000,799100
2023,owner,0,0,800000,600000,3,2191271,2644300
2023,owner,0,0,800000,800000,15,12914500,13329500
2023,owner,0,0,800000,1000000,2,2000000,1717000
2023,owner,0,0,800000,1250000,1,1310000,942500
2023,owner,0,0,1000000,0,1,521180,1012100
2023,owner,0,0,1000000,600000,4,3105450,4326300
2023,owner,0,0,1000000,800000,13,12108155,14692300
2023,owner,0,0,1000000,1000000,9,10189000,10541800
2023,owner,0,0,1000000,1250000,2,2625000,2221200
2023,owner,0,0,1000000,1500000,1,1725000,1099700
2023,owner,0,0,1000000,1750000,1,1900000,1183800
2023,owner,0,0,1250000,600000,1,791325,1273200
2023,owner,0,0,1250000,800000,5,4553486,6577700
2023,owner,0,0,1250000,1000000,4,4539550,5242100
2023,owner,0,0,1250000,1250000,6,7943000,8409800
2023,owner,0,0,1250000,1500000,1,1500000,1470600
2023,owner,0,0,1250000,1750000,1,1900000,1364700
2023,owner,0,0,1500000,800000,1,995000,1685800
2023,owner,0,0,1500000,1250000,1,1450000,1669300
2023,owner,0,0,1500000,1500000,4,6360000,6668900
2023,owner,0,0,1500000,1750000,1,1800000,1528900
2023,owner,0,0,1500000,2250000,1,2300000,1725100
2023,owner,0,0,1750000,1250000,2,2862500,3593200
2023,owner,0,0,1750000,1500000,1,1575000,1816300
2023,owner,0,0,1750000,1750000,3,5645000,5546300
2023,owner,0,0,1750000,2500000,1,2720000,1869400
2023,owner,0,0,2000000,1250000,1,1350000,2151400
2023,owner,0,0,2000000,1500000,1,1729000,2045500
2023,owner,0,0,2000000,1750000,1,1950000,2110000
2023,owner,0,0,2500000,2250000,1,2450000,2639700
2023,owner,0,0,2500000,3000000,1,3183000,2684100
2023,owner,0,0,2750000,2250000,2,4700000,5751100
2023,owner,0,0,3000000,2750000,1,2850000,3130900
2023,owner,0,0,3250000,2750000,1,2850000,3333600
2023,owner,0,0,3250000,7000000,1,7000000,3349000
2023,owner,0,0,3500000,4250000,1,4330000,3644300
2023,owner,0,0,3750000,3750000,1,3900000,3973100
2023,owner,0,0,4500000,4250000,1,4262000,4537400
2023,owner,0,0,5000000,4500000,1,4500000,5094300
2023,owner,0,0,5500000,6000000,1,6350000,5625200
2023,owner,0,0,6000000,8500000,1,8900000,6152600
2023,owner,0,0,10000000,9500000,1,9750000,11940400
2023,owner,0,1,0,0,9,2352900,2031400
2023,owner,0,1,300000,0,33,15075636,15694300
2023,owner,0,1,300000,600000,9,5929000,4771400
2023,owner,0,1,300000,800000,1,835000,596100
2023,owner,0,1,600000,0,5,2646100,3073300
2023,owner,0,1,600000,600000,17,11652800,11519000
2023,owner,0,1,600000,800000,8,6994000,5523800
2023,owner,0,1,800000,600000,2,1555000,1710400
2023,owner,0,1,800000,800000,6,5208000,5406300
2023,owner,0,1,800000,1000000,1,1075000,864500
2023,owner,0,1,1000000,600000,1,750000,1014600
2023,owner,0,1,1000000,800000,5,4784500,5366900
2023,owner,0,1,1000000,1000000,2,2314000,2276000
2023,owner,0,1,1000000,1250000,2,2778340,2407000
2023,owner,0,1,1250000,1000000,1,1200000,1255200
2023,owner,0,1,1250000,1250000,2,2757000,2735600
2023,owner,0,1,1250000,1500000,1,1700000,1344700
2023,owner,0,1,1250000,2250000,2,4550000,2693900
2023,owner,0,1,1500000,1000000,1,1100000,1528700
2023,owner,0,1,1500000,1250000,1,1277000,1644600
2023,owner,0,1,1500000,1500000,1,1500000,1528700
2023,owner,0,1,1500000,2000000,2,4100000,3192600
2023,owner,0,1,1750000,1500000,1,1600000,1821800
2023,owner,0,1,2000000,2250000,1,2400000,2189500
2023,owner,0,1,2750000,2500000,1,2550000,2846200
2023,owner,0,1,6500000,7000000,1,7350000,6757900
2023,owner,1,0,300000,0,10,4645000,4399500
2023,owner,1,0,300000,600000,5,3395700,2772800
2023,owner,1,0,600000,0,1,500000,610800
2023,owner,1,0,600000,600000,5,3581000,3453900
2023,owner,1,0,600000,800000,13,11427999,9539500
2023,owner,1,0,600000,1250000,2,2785000,1464600
2023,owner,1,0,800000,0,4,2269000,3622000
2023,owner,1,0,800000,600000,15,10783000,13567600
2023,owner,1,0,800000,800000,45,40133136,41326500
2023,owner,1,0,800000,1000000,5,5545000,4730300
2023,owner,1,0,1000000,600000,7,5005067,8026300
2023,owner,1,0,1000000,800000,61,55768500,66854800
2023,owner,1,0,1000000,1000000,35,37829500,39778700
2023,owner,1,0,1000000,1250000,5,6630000,5631800
2023,owner,1,0,1000000,1500000,1,1560000,1237500
2023,owner,1,0,1250000,800000,19,17610215,25139500
2023,owner,1,0,1250000,1000000,27,30837665,35787000
2023,owner,1,0,1250000,1250000,35,46508500,47666300
2023,owner,1,0,1250000,1500000,5,8105000,6889300
2023,owner,1,0,1250000,1750000,2,3600000,2636000
2023,owner,1,0,1250000,2250000,1,2400000,1374700
2023,owner,1,0,1500000,800000,1,999000,1568800
2023,owner,1,0,1500000,1250000,10,14082654,16019400
2023,owner,1,0,1500000,1500000,9,14696000,14757400
2023,owner,1,0,1500000,1750000,3,5399000,4889700
2023,owner,1,0,1500000,2250000,1,2250000,1736400
2023,owner,1,0,1750000,1000000,1,1195660,1869900
2023,owner,1,0,1750000,1250000,1,1422000,1941000
2023,owner,1,0,1750000,1500000,3,4804000,5349200
2023,owner,1,0,1750000,1750000,5,9160000,9335700
2023,owner,1,0,1750000,2000000,2,4210000,3734700
2023,owner,1,0,1750000,2250000,1,2250000,1900200
2023,owner,1,0,1750000,2750000,1,2895000,1836000
2023,owner,1,0,2000000,1500000,5,8300000,10759100
2023,owner,1,0,2000000,1750000,3,5500000,6257000
2023,owner,1,0,2000000,2250000,1,2475000,2051900
2023,owner,1,0,2250000,1750000,1,1900000,2355900
2023,owner,1,0,2250000,2000000,2,4270000,4584100
2023,owner,1,0,2500000,2250000,1,2450000,2599700
2023,owner,1,0,2500000,2500000,1,2700000,2514500
2023,owner,1,0,2500000,3500000,1,3744892,2574200
2023,owner,1,0,2750000,2250000,1,2250000,2921600
2023,owner,1,0,2750000,2500000,1,2550000,2914000
2023,owner,1,0,2750000,2750000,1,2804000,2975800
2023,owner,1,0,2750000,3000000,1,3050000,2919200
2023,owner,1,0,3000000,2000000,1,2200000,3135400
2023,owner,1,0,3250000,2750000,1,2750000,3493000
2023,owner,1,0,3250000,3250000,1,3345000,3391400
2023,owner,1,0,3500000,4000000,1,4050000,3630900
2023,owner,1,0,4250000,3750000,1,3900000,4495500
2023,owner,1,0,4250000,4250000,1,4300000,4274200
2023,owner,1,0,4500000,5750000,1,5800000,4607600
2023,owner,1,0,8000000,9500000,1,9850000,8496500
2023,owner,1,1,300000,0,75,37496499,38002900
2023,owner,1,1,300000,600000,13,8427000,7176000
2023,owner,1,1,600000,0,7,3518000,5000500
2023,owner,1,1,600000,600000,28,19714900,19372100
2023,owner,1,1,600000,800000,5,4470000,3501500
2023,owner,1,1,800000,600000,7,5198440,5972400
2023,owner,1,1,800000,800000,24,20954999,21822900
2023,owner,1,1,800000,1000000,1,1206510,841400
2023,owner,1,1,800000,1250000,1,1290000,930700
2023,owner,1,1,800000,1500000,1,1680000,976200
2023,owner,1,1,1000000,800000,4,3517500,4517800
2023,owner,1,1,1000000,1000000,1,1145000,1204000
2023,owner,1,1,1000000,1250000,2,2810000,2119200
2023,owner,1,1,1000000,1750000,1,1800000,1088400
2023,owner,1,1,1250000,800000,1,940000,1471600
2023,owner,1,1,1250000,1250000,2,2655000,2696300
2023,owner,1,1,1250000,1500000,1,1500000,1437900
2023,owner,1,1,1250000,1750000,2,3795000,2930200
2023,owner,1,1,1250000,2000000,1,2100000,1389800
2023,owner,1,1,1500000,1500000,1,1500000,1634300
2023,owner,1,1,1500000,1750000,1,1765000,1506300
2023,owner,1,1,1750000,1500000,1,1603000,1875900
2023,owner,1,1,1750000,1750000,3,5740000,5541900
2023,owner,1,1,1750000,2000000,1,2225000,1807300
2023,owner,1,1,2000000,2000000,1,2050000,2189500
2023,owner,1,1,2500000,1500000,1,1700000,2611700
2023,owner,1,1,2500000,3500000,1,3650000,2678600
2023,owner,1,1,2750000,3000000,2,6098100,5822200
2023,owner,1,1,4750000,5750000,1,5875000,4996500
2023,owner,1,1,5000000,5000000,1,5100000,5186900
2023,owner,1,1,6000000,5750000,1,5950000,6348900
2023,owner,1,1,15000000,9000000,1,9200000,15514400
2023,nonowner,0,0,0,0,10,3369200,2463300
2023,nonowner,0,0,300000,0,10,4336629,4644700
2023,nonowner,0,0,300000,600000,4,2843750,2186300
2023,nonowner,0,0,600000,0,3,1697500,2034400
2023,nonowner,0,0,600000,600000,8,5695000,5883500
2023,nonowner,0,0,600000,800000,5,4223000,3721200
2023,nonowner,0,0,600000,1000000,2,2000000,1421200
2023,nonowner,0,0,600000,1250000,1,1285000,784500
2023,nonowner,0,0,600000,1500000,1,1686720,797700
2023,nonowner,0,0,800000,0,1,500000,907400
2023,nonowner,0,0,800000,600000,9,6443000,7999000
2023,nonowner,0,0,800000,800000,17,15228727,15614200
2023,nonowner,0,0,800000,1000000,1,1117500,835500
2023,nonowner,0,0,800000,1250000,2,2660700,1693100
2023,nonowner,0,0,800000,1500000,1,1575000,834100
2023,nonowner,0,0,800000,1750000,1,1980000,906400
2023,nonowner,0,0,1000000,0,1,570000,1091900
2023,nonowner,0,0,1000000,600000,5,3614800,5794200
2023,nonowner,0,0,1000000,800000,12,11221372,12951700
2023,nonowner,0,0,1000000,1000000,13,14598960,14359000
2023,nonowner,0,0,1000000,1250000,5,6670000,5614100
2023,nonowner,0,0,1000000,1500000,1,1713500,1179200
2023,nonowner,0,0,1250000,600000,1,731500,1276300
2023,nonowner,0,0,1250000,800000,2,1759807,2699200
2023,nonowner,0,0,1250000,1000000,12,13503902,16116600
2023,nonowner,0,0,1250000,1250000,4,5518000,5512500
2023,nonowner,0,0,1250000,1500000,3,5069000,4193000
2023,nonowner,0,0,1250000,2000000,2,4425000,2676600
2023,nonowner,0,0,1500000,800000,1,801150,1574100
2023,nonowner,0,0,1500000,1000000,2,2003376,3260100
2023,nonowner,0,0,1500000,1250000,3,4180000,4705400
2023,nonowner,0,0,1500000,1500000,1,1735000,1563500
2023,nonowner,0,0,1500000,1750000,4,7345000,6513000
2023,nonowner,0,0,1500000,2000000,2,4325000,3173600
2023,nonowner,0,0,1500000,3000000,1,3000000,1670000
2023,nonowner,0,0,1750000,1000000,2,2276460,3660100
2023,nonowner,0,0,1750000,1250000,1,1495000,1903500
2023,nonowner,0,0,1750000,1500000,4,6564900,7706400
2023,nonowner,0,0,1750000,1750000,5,9135000,9497500
2023,nonowner,0,0,1750000,2000000,1,2100000,1808500
2023,nonowner,0,0,2000000,1500000,1,1700000,2240700
2023,nonowner,0,0,2000000,1750000,2,3824000,4292300
2023,nonowner,0,0,2000000,2000000,1,2199000,2214200
2023,nonowner,0,0,2000000,2250000,1,2400000,2041100
2023,nonowner,0,0,2000000,2750000,1,2900000,2199700
2023,nonowner,0,0,2000000,3500000,1,3550000,2060500
2023,nonowner,0,0,2250000,1250000,1,1361500,2352100
2023,nonowner,0,0,2250000,1500000,2,3009100,4743500
2023,nonowner,0,0,2250000,2000000,2,4179000,4570100
2023,nonowner,0,0,2250000,2250000,2,4750000,4791700
2023,nonowner,0,0,2250000,2750000,1,2750000,2459200
2023,nonowner,0,0,2500000,1250000,1,1436000,2739200
2023,nonowner,0,0,2500000,1500000,1,1575000,2639700
2023,nonowner,0,0,2500000,1750000,1,1850000,2589300
2023,nonowner,0,0,2500000,2500000,1,2500000,2616300
2023,nonowner,0,0,2500000,3500000,1,3720005,2655900
2023,nonowner,0,0,2750000,2000000,1,2200000,2856400
2023,nonowner,0,0,2750000,3000000,1,3150000,2780800
2023,nonowner,0,0,2750000,3750000,1,3800000,2885600
2023,nonowner,0,0,3000000,1750000,2,3949900,6261300
2023,nonowner,0,0,3000000,2000000,1,2000000,3020800
2023,nonowner,0,0,3000000,2250000,1,2280000,3102700
2023,nonowner,0,0,3000000,2750000,1,2865000,3137100
2023,nonowner,0,0,3000000,3000000,3,9594136,9301000
2023,nonowner,0,0,3000000,3500000,1,3607000,3158600
2023,nonowner,0,0,3000000,4000000,1,4000000,3214100
2023,nonowner,0,0,3250000,2750000,1,2880000,3281500
2023,nonowner,0,0,3250000,3500000,1,3500000,3405800
2023,nonowner,0,0,3500000,3250000,2,6638000,7231700
2023,nonowner,0,0,3500000,3750000,2,7815000,7256700
2023,nonowner,0,0,3500000,4750000,1,4850000,3524000
2023,nonowner,0,0,3750000,3750000,1,3968000,3983000
2023,nonowner,0,0,3750000,4750000,2,9675000,7627500
2023,nonowner,0,0,4000000,3750000,1,3920000,4028400
2023,nonowner,0,0,4250000,5500000,1,5700000,4373000
2023,nonowner,0,0,4250000,7500000,1,7500000,4270300
2023,nonowner,0,0,4500000,2500000,1,2650000,4622000
2023,nonowner,0,0,4500000,5250000,1,5300000,4691500
2023,nonowner,0,0,4750000,5750000,1,5800000,4981400
2023,nonowner,0,0,5000000,4500000,1,4503100,5077200
2023,nonowner,0,0,5500000,5500000,1,5700000,5611100
2023,nonowner,0,0,5500000,8500000,1,8930000,5605600
2023,nonowner,0,0,6000000,5750000,1,5999990,6365100
2023,nonowner,0,0,6500000,6500000,1,6500000,6927000
2023,nonowner,0,0,7500000,7500000,2,15180000,15452200
2023,nonowner,0,0,10000000,10000000,2,21040000,20875300
2023,nonowner,0,0,15000000,10000000,1,28500000,19946100
2023,nonowner,0,1,0,0,54,13007650,12154800
2023,nonowner,0,1,300000,0,104,46781760,47769000
2023,nonowner,0,1,300000,600000,65,43890338,35307000
2023,nonowner,0,1,300000,800000,20,17084000,11440100
2023,nonowner,0,1,300000,1250000,1,1250000,549200
2023,nonowner,0,1,600000,0,29,14828999,19041000
2023,nonowner,0,1,600000,600000,75,54177280,50338800
2023,nonowner,0,1,600000,800000,74,65624500,52467400
2023,nonowner,0,1,600000,1000000,26,28507500,18512800
2023,nonowner,0,1,600000,1250000,1,1350000,721800
2023,nonowner,0,1,800000,0,3,1740700,2562800
2023,nonowner,0,1,800000,600000,17,12493000,14905600
2023,nonowner,0,1,800000,800000,36,32621455,32532200
2023,nonowner,0,1,800000,1000000,41,45752500,36572500
2023,nonowner,0,1,800000,1250000,16,20666808,14714900
2023,nonowner,0,1,800000,1500000,2,3085000,1966200
2023,nonowner,0,1,1000000,600000,4,2771591,4390200
2023,nonowner,0,1,1000000,800000,14,12676900,15454500
2023,nonowner,0,1,1000000,1000000,33,37748837,37025500
2023,nonowner,0,1,1000000,1250000,27,36578900,30410900
2023,nonowner,0,1,1000000,1500000,10,15830000,11207100
2023,nonowner,0,1,1000000,2250000,1,2300000,1241600
2023,nonowner,0,1,1250000,600000,1,664025,1313600
2023,nonowner,0,1,1250000,800000,6,5159700,7955200
2023,nonowner,0,1,1250000,1000000,12,13568300,15711000
2023,nonowner,0,1,1250000,1250000,27,37247677,36910700
2023,nonowner,0,1,1250000,1500000,15,23605800,20821600
2023,nonowner,0,1,1250000,1750000,5,9059000,7135400
2023,nonowner,0,1,1250000,2250000,1,2250000,1256600
2023,nonowner,0,1,1250000,3000000,1,3005000,1473700
2023,nonowner,0,1,1500000,800000,1,993600,1528700
2023,nonowner,0,1,1500000,1250000,2,2615000,3256300
2023,nonowner,0,1,1500000,1500000,13,20782500,21116700
2023,nonowner,0,1,1500000,1750000,14,26364000,22456400
2023,nonowner,0,1,1500000,2000000,3,6220000,4816200
2023,nonowner,0,1,1500000,2250000,1,2360000,1610500
2023,nonowner,0,1,1500000,2500000,2,5035000,3210500
2023,nonowner,0,1,1500000,3750000,1,3800000,1735700
2023,nonowner,0,1,1750000,1250000,3,4328400,5586300
2023,nonowner,0,1,1750000,1500000,3,4933022,5571100
2023,nonowner,0,1,1750000,1750000,7,13000000,13083600
2023,nonowner,0,1,1750000,2000000,7,14387500,13265800
2023,nonowner,0,1,1750000,2250000,4,9300000,7618200
2023,nonowner,0,1,1750000,2500000,1,2699000,1843900
2023,nonowner,0,1,1750000,3000000,1,3200000,1982600
2023,nonowner,0,1,2000000,1500000,1,1596700,2036300
2023,nonowner,0,1,2000000,1750000,4,7498000,8329600
2023,nonowner,0,1,2000000,2000000,1,2000000,2066700
2023,nonowner,0,1,2000000,2250000,4,9217500,8409000
2023,nonowner,0,1,2250000,2000000,2,4275000,4711300
2023,nonowner,0,1,2250000,2500000,1,2700000,2486000
2023,nonowner,0,1,2500000,1500000,1,1629700,2744000
2023,nonowner,0,1,2500000,2000000,3,6280000,7773300
2023,nonowner,0,1,2500000,2250000,1,2300000,2599600
2023,nonowner,0,1,2500000,2500000,5,12820205,13220700
2023,nonowner,0,1,2500000,2750000,2,5695000,5272700
2023,nonowner,0,1,2750000,2250000,1,2470000,2828700
2023,nonowner,0,1,2750000,2500000,2,5100000,5824100
2023,nonowner,0,1,2750000,2750000,2,5550000,5785500
2023,nonowner,0,1,2750000,3000000,1,3000000,2823300
2023,nonowner,0,1,2750000,3250000,3,10195000,8567100
2023,nonowner,0,1,2750000,3500000,1,3600000,2953700
2023,nonowner,0,1,3000000,1750000,1,1968000,3127300
2023,nonowner,0,1,3000000,2500000,1,2700000,3127300
2023,nonowner,0,1,3000000,3250000,2,6800000,6151800
2023,nonowner,0,1,3250000,2500000,2,5400000,6892800
2023,nonowner,0,1,3500000,2000000,1,2000900,3528200
2023,nonowner,0,1,3500000,2750000,1,2950000,3541000
2023,nonowner,0,1,3500000,3000000,2,6293100,7219700
2023,nonowner,0,1,3500000,8000000,1,8000000,3586600
2023,nonowner,0,1,3750000,3500000,1,3650000,3775800
2023,nonowner,0,1,4000000,3500000,1,3700000,4045500
2023,nonowner,0,1,4000000,4500000,1,4550000,4209700
2023,nonowner,0,1,4250000,2500000,1,2502800,4326700
2023,nonowner,0,1,4250000,4250000,2,8800000,8860600
2023,nonowner,0,1,4250000,4500000,1,4700000,4497600
2023,nonowner,0,1,4500000,4500000,1,4600000,4661300
2023,nonowner,0,1,4500000,5000000,1,5050000,4681100
2023,nonowner,0,1,4500000,5250000,1,5250000,4632700
2023,nonowner,0,1,4500000,5750000,1,5775000,4543500
2023,nonowner,0,1,4750000,3750000,1,3764500,4763000
2023,nonowner,0,1,4750000,4000000,1,4067100,4886600
2023,nonowner,0,1,4750000,4250000,1,4325000,4873300
2023,nonowner,0,1,4750000,5500000,2,11215000,9855700
2023,nonowner,0,1,5000000,3750000,1,3917300,5148900
2023,nonowner,0,1,5250000,4500000,1,4500000,5478400
2023,nonowner,0,1,5250000,4750000,1,4760000,5389600
2023,nonowner,0,1,5250000,5000000,1,5000000,5295500
2023,nonowner,0,1,5500000,5000000,1,5162500,5508800
2023,nonowner,0,1,5500000,5250000,1,5300000,5538300
2023,nonowner,0,1,5500000,5500000,1,5500000,5633300
2023,nonowner,0,1,5750000,4000000,1,4023758,5805900
2023,nonowner,0,1,5750000,4500000,1,4500000,5773500
2023,nonowner,0,1,5750000,6000000,1,6250000,5859900
2023,nonowner,0,1,6000000,5000000,1,5000000,6118900
2023,nonowner,0,1,6000000,7000000,1,7200000,6492100
2023,nonowner,0,1,6500000,6000000,1,6225000,6513600
2023,nonowner,0,1,6500000,8000000,1,8200000,6586900
2023,nonowner,0,1,9500000,7500000,1,7560100,9523700
2023,nonowner,0,1,10000000,6000000,1,6350000,10255100
2023,nonowner,0,1,10000000,10000000,1,10110913,10230500
2023,nonowner,0,1,12500000,10000000,1,16500000,13466900
2023,nonowner,0,1,15000000,10000000,6,70065748,102330400
2023,nonowner,1,0,300000,0,4,1805000,1688700
2023,nonowner,1,0,300000,800000,1,899000,485000
2023,nonowner,1,0,600000,0,2,800000,1449500
2023,nonowner,1,0,600000,600000,3,2113750,2130800
2023,nonowner,1,0,800000,0,1,566000,943000
2023,nonowner,1,0,800000,600000,5,3430000,4592600
2023,nonowner,1,0,800000,800000,4,3611000,3780800
2023,nonowner,1,0,800000,1000000,1,1070000,972800
2023,nonowner,1,0,1000000,0,1,552825,1053700
2023,nonowner,1,0,1000000,600000,6,4308000,6509200
2023,nonowner,1,0,1000000,800000,5,4389220,5355900
2023,nonowner,1,0,1000000,1000000,6,6632419,6893100
2023,nonowner,1,0,1000000,1250000,3,3900000,3305500
2023,nonowner,1,0,1250000,600000,1,760000,1272500
2023,nonowner,1,0,1250000,800000,1,830000,1328800
2023,nonowner,1,0,1250000,1000000,7,7802000,9114300
2023,nonowner,1,0,1250000,1250000,1,1445000,1344100
2023,nonowner,1,0,1500000,1000000,1,1100000,1550300
2023,nonowner,1,0,1500000,1750000,1,1900000,1635800
2023,nonowner,1,0,1750000,1000000,1,1020000,1777600
2023,nonowner,1,0,1750000,1500000,1,1600000,1899800
2023,nonowner,1,0,1750000,2000000,1,2200000,1962400
2023,nonowner,1,0,2000000,1500000,1,1500000,2200700
2023,nonowner,1,0,2000000,1750000,1,1800000,2006500
2023,nonowner,1,0,2000000,2000000,1,2000000,2087900
2023,nonowner,1,0,2500000,2500000,1,2700000,2514500
2023,nonowner,1,0,2750000,2750000,1,2888000,2972500
2023,nonowner,1,0,2750000,3500000,1,3535000,2908300
2023,nonowner,1,0,5500000,5250000,1,5300000,5562500
2023,nonowner,1,1,300000,0,17,6794400,7843700
2023,nonowner,1,1,300000,600000,1,719000,534600
2023,nonowner,1,1,600000,0,2,925000,1400700
2023,nonowner,1,1,600000,600000,1,626000,695300
2023,nonowner,1,1,600000,800000,1,800000,730900
2023,nonowner,1,1,800000,800000,3,2698000,2816900
2023,nonowner,1,1,1000000,800000,1,925000,1065600
2023,nonowner,1,1,1000000,1250000,1,1395000,1062500
2023,nonowner,1,1,1250000,1250000,1,1390000,1441800
2023,nonowner,1,1,1500000,1250000,1,1425000,1511000
2023,nonowner,1,1,1500000,1500000,1,1600000,1644300
2023,nonowner,1,1,1500000,2000000,1,2100000,1716600
2023,nonowner,1,1,2500000,1750000,1,1999000,2616600
2023,nonowner,1,1,3250000,3000000,1,3050000,3387500
2024,owner,0,0,0,0,1,365000,241300
2024,owner,0,0,300000,0,6,2295770,2625900
2024,owner,0,0,300000,600000,1,640000,544700
2024,owner,0,0,600000,0,2,1137992,1333900
2024,owner,0,0,600000,600000,4,2852650,2940600
2024,owner,0,0,600000,1250000,1,1300000,674200
2024,owner,0,0,800000,0,1,565000,841900
2024,owner,0,0,800000,600000,4,3010000,3555500
2024,owner,0,0,800000,800000,9,7965000,8072200
2024,owner,0,0,800000,1000000,2,2100000,1718700
2024,owner,0,0,800000,1250000,1,1275000,974500
2024,owner,0,0,1000000,600000,2,1425000,2214100
2024,owner,0,0,1000000,800000,2,1922500,2130400
2024,owner,0,0,1000000,1000000,9,10414000,10061700
2024,owner,0,0,1000000,1250000,4,5500000,4682800
2024,owner,0,0,1000000,1500000,1,1650000,1092500
2024,owner,0,0,1250000,1000000,3,3511000,3929100
2024,owner,0,0,1250000,1250000,13,17746572,17759600
2024,owner,0,0,1250000,1500000,2,3176000,2863500
2024,owner,0,0,1250000,1750000,1,1800000,1411800
2024,owner,0,0,1500000,1000000,1,1050000,1685800
2024,owner,0,0,1500000,1250000,1,1480700,1672000
2024,owner,0,0,1500000,1500000,4,6090000,6427400
2024,owner,0,0,1500000,1750000,2,3830000,3288800
2024,owner,0,0,1500000,2000000,1,2100000,1626400
2024,owner,0,0,1750000,1750000,2,3675000,3799100
2024,owner,0,0,1750000,2000000,1,2200000,1902500
2024,owner,0,0,1750000,2250000,1,2370000,1833100
2024,owner,0,0,1750000,2500000,1,2500000,1751600
2024,owner,0,0,1750000,2750000,1,2800000,1930800
2024,owner,0,0,2000000,1750000,1,1805000,2078300
2024,owner,0,0,2000000,2000000,1,2100000,2145900
2024,owner,0,0,2000000,2250000,1,2350000,2083300
2024,owner,0,0,2000000,3250000,1,3450000,2091500
2024,owner,0,0,2250000,1750000,1,1998000,2339900
2024,owner,0,0,2250000,3000000,1,3200000,2430900
2024,owner,0,0,2500000,1500000,1,1721200,2721300
2024,owner,0,0,2500000,2250000,1,2400000,2687200
2024,owner,0,0,2750000,2250000,1,2250000,2762700
2024,owner,0,0,2750000,3750000,1,3867775,2873600
2024,owner,0,0,3000000,1750000,1,1786760,3110200
2024,owner,0,0,3250000,3500000,1,3530000,3454900
2024,owner,0,0,3750000,3750000,1,3750000,3906600
2024,owner,0,1,0,0,8,2149000,2038100
2024,owner,0,1,300000,0,30,14971798,14095400
2024,owner,0,1,300000,600000,11,7066995,5901500
2024,owner,0,1,300000,800000,1,850000,572800
2024,owner,0,1,600000,0,1,580000,611300
2024,owner,0,1,600000,600000,13,9301000,8808600
2024,owner,0,1,600000,800000,7,6192000,4756500
2024,owner,0,1,800000,0,1,450000,807000
2024,owner,0,1,800000,600000,3,2294000,2587300
2024,owner,0,1,800000,800000,7,6314000,6096400
2024,owner,0,1,800000,1000000,4,4555000,3696800
2024,owner,0,1,800000,1250000,1,1250000,999200
2024,owner,0,1,800000,1500000,1,1550000,949600
2024,owner,0,1,1000000,1000000,4,4435000,4635500
2024,owner,0,1,1000000,1250000,3,3852000,3387300
2024,owner,0,1,1000000,1500000,3,4678000,3486000
2024,owner,0,1,1250000,1000000,2,2430000,2572400
2024,owner,0,1,1250000,1500000,1,1633000,1252500
2024,owner,0,1,1250000,1750000,3,5575000,3998200
2024,owner,0,1,1500000,1000000,1,1170000,1655200
2024,owner,0,1,1500000,2000000,1,2200000,1618300
2024,owner,0,1,1500000,2500000,1,2700000,1746400
2024,owner,0,1,1750000,1750000,1,1960000,1949000
2024,owner,0,1,2000000,2000000,1,2225850,2034100
2024,owner,0,1,2250000,2250000,1,2310000,2262900
2024,owner,0,1,2250000,2500000,2,5213550,4983400
2024,owner,0,1,2250000,2750000,2,5625000,4837500
2024,owner,0,1,2250000,3000000,1,3100000,2481600
2024,owner,0,1,2250000,4000000,1,4000000,2498300
2024,owner,0,1,12500000,10000000,1,12365651,13075900
2024,owner,1,0,300000,0,8,3900000,3695400
2024,owner,1,0,300000,600000,4,2697500,2176200
2024,owner,1,0,600000,0,2,1012500,1391200
2024,owner,1,0,600000,600000,18,12918075,12805800
2024,owner,1,0,600000,800000,12,11018000,8924200
2024,owner,1,0,600000,1000000,1,1200000,770600
2024,owner,1,0,600000,1250000,3,4060000,2241300
2024,owner,1,0,800000,0,2,1149995,1734400
2024,owner,1,0,800000,600000,7,4994650,6445700
2024,owner,1,0,800000,800000,37,32834780,33355400
2024,owner,1,0,800000,1000000,17,18321000,15621800
2024,owner,1,0,800000,1250000,2,2600000,1890100
2024,owner,1,0,800000,1750000,2,3840000,1799500
2024,owner,1,0,1000000,600000,2,1445000,2135100
2024,owner,1,0,1000000,800000,20,18597000,21542200
2024,owner,1,0,1000000,1000000,39,44018425,43496600
2024,owner,1,0,1000000,1250000,22,29449500,25210200
2024,owner,1,0,1000000,1500000,1,1702500,1233900
2024,owner,1,0,1250000,800000,3,2703000,3871100
2024,owner,1,0,1250000,1000000,30,35089896,40222700
2024,owner,1,0,1250000,1250000,39,52061988,52417600
2024,owner,1,0,1250000,1500000,8,12660000,11154600
2024,owner,1,0,1250000,1750000,2,3650000,2632500
2024,owner,1,0,1250000,2000000,1,2020000,1298000
2024,owner,1,0,1500000,600000,1,791966,1574500
2024,owner,1,0,1500000,1000000,1,1100000,1634300
2024,owner,1,0,1500000,1250000,2,2875000,3245500
2024,owner,1,0,1500000,1500000,6,9647136,9234700
2024,owner,1,0,1500000,1750000,5,9165000,8233500
2024,owner,1,0,1500000,2000000,2,4230000,3260000
2024,owner,1,0,1500000,2750000,1,2767108,1707500
2024,owner,1,0,1750000,1250000,1,1460000,1755700
2024,owner,1,0,1750000,1500000,6,9715000,11229300
2024,owner,1,0,1750000,1750000,2,3770000,3811700
2024,owner,1,0,1750000,2000000,3,6400000,5668500
2024,owner,1,0,1750000,2250000,1,2400000,1928800
2024,owner,1,0,2000000,1000000,1,1125000,2163300
2024,owner,1,0,2000000,1250000,1,1349900,2102500
2024,owner,1,0,2000000,1750000,2,3859216,4279500
2024,owner,1,0,2000000,2000000,1,2185000,2248000
2024,owner,1,0,2000000,2250000,2,4630000,4287800
2024,owner,1,0,2000000,2500000,2,5075000,4329900
2024,owner,1,0,2250000,1500000,1,1700000,2265800
2024,owner,1,0,2250000,2250000,2,4550000,4895200
2024,owner,1,0,2250000,2500000,2,5150000,4758800
2024,owner,1,0,2250000,3250000,1,3260000,2477800
2024,owner,1,0,2500000,2750000,1,2750000,2533800
2024,owner,1,0,3000000,3000000,2,6275000,6269600
2024,owner,1,0,3250000,3250000,1,3365000,3305700
2024,owner,1,0,3250000,3500000,1,3575000,3473900
2024,owner,1,0,6000000,6500000,1,6977950,6443800
2024,owner,1,1,0,0,1,280000,209200
2024,owner,1,1,300000,0,65,31540000,31045800
2024,owner,1,1,300000,600000,23,15414000,12413700
2024,owner,1,1,300000,800000,1,805000,534400
2024,owner,1,1,300000,1000000,1,1100000,582700
2024,owner,1,1,600000,0,3,1655999,2101100
2024,owner,1,1,600000,600000,30,20608500,19968600
2024,owner,1,1,600000,800000,6,5040375,4279200
2024,owner,1,1,600000,1000000,1,1200000,729500
2024,owner,1,1,800000,0,1,586000,829800
2024,owner,1,1,800000,600000,3,2077580,2547200
2024,owner,1,1,800000,800000,17,15321000,14829100
2024,owner,1,1,800000,1000000,3,3245000,2720100
2024,owner,1,1,800000,1250000,1,1330000,900800
2024,owner,1,1,1000000,1000000,6,6560000,6698000
2024,owner,1,1,1000000,1250000,2,2649000,2434900
2024,owner,1,1,1250000,1000000,1,1100000,1278400
2024,owner,1,1,1250000,1250000,6,8225000,8317300
2024,owner,1,1,1250000,1500000,3,4690000,4411000
2024,owner,1,1,1250000,1750000,1,1785000,1429100
2024,owner,1,1,1250000,2000000,1,2000000,1459900
2024,owner,1,1,1500000,1000000,1,1200000,1652700
2024,owner,1,1,1500000,1250000,1,1395000,1646100
2024,owner,1,1,1500000,1750000,1,1999000,1664300
2024,owner,1,1,1500000,2250000,1,2350000,1553700
2024,owner,1,1,1750000,1750000,1,1950000,1948300
2024,owner,1,1,1750000,2000000,2,4420000,3653100
2024,owner,1,1,1750000,2500000,1,2595000,1925800
2024,owner,1,1,2000000,2250000,1,2350000,2235800
2024,owner,1,1,2250000,3000000,1,3000000,2265600
2024,owner,1,1,2500000,2250000,1,2310000,2635700
2024,owner,1,1,2500000,2500000,1,2600000,2616600
2024,owner,1,1,2750000,2750000,1,2995000,2754900
2024,owner,1,1,2750000,3000000,1,3087000,2816100
2024,owner,1,1,3500000,3750000,1,3820500,3703900
2024,owner,1,1,5500000,7500000,1,7500000,5745400
2024,owner,1,1,15000000,9000000,1,9267009,15514400
2024,nonowner,0,0,0,0,9,3109560,2288800
2024,nonowner,0,0,300000,0,12,5285286,5986700
2024,nonowner,0,0,300000,600000,1,600000,416000
2024,nonowner,0,0,300000,800000,1,800000,592800
2024,nonowner,0,0,600000,0,2,1025000,1248700
2024,nonowner,0,0,600000,600000,12,8321850,8715300
2024,nonowner,0,0,600000,800000,8,7090000,6047200
2024,nonowner,0,0,800000,0,3,1627250,2723800
2024,nonowner,0,0,800000,600000,2,1393000,1735000
2024,nonowner,0,0,800000,800000,16,14575150,14415700
2024,nonowner,0,0,800000,1000000,3,3310000,2699100
2024,nonowner,0,0,800000,1250000,1,1250000,879000
2024,nonowner,0,0,1000000,600000,5,3631453,5508500
2024,nonowner,0,0,1000000,800000,10,9100476,11215500
2024,nonowner,0,0,1000000,1000000,11,12079529,11940400
2024,nonowner,0,0,1000000,1250000,8,10811000,8780600
2024,nonowner,0,0,1250000,600000,1,700000,1370600
2024,nonowner,0,0,1250000,800000,4,3646232,5566900
2024,nonowner,0,0,1250000,1000000,3,3483775,3999800
2024,nonowner,0,0,1250000,1250000,29,39475234,39796500
2024,nonowner,0,0,1250000,1500000,10,16132900,13576500
2024,nonowner,0,0,1250000,1750000,3,5505000,4121500
2024,nonowner,0,0,1500000,800000,1,803000,1580500
2024,nonowner,0,0,1500000,1000000,1,1200000,1559700
2024,nonowner,0,0,1500000,1500000,10,16525000,16236600
2024,nonowner,0,0,1500000,1750000,1,1950000,1575600
2024,nonowner,0,0,1500000,2000000,2,4173000,3208900
2024,nonowner,0,0,1500000,2250000,1,2250000,1557300
2024,nonowner,0,0,1750000,1000000,2,2285500,3658700
2024,nonowner,0,0,1750000,1250000,1,1328782,1809000
2024,nonowner,0,0,1750000,1500000,3,4831200,5337300
2024,nonowner,0,0,1750000,1750000,2,3840000,3663100
2024,nonowner,0,0,1750000,2000000,2,4150000,3774700
2024,nonowner,0,0,1750000,3250000,1,3300000,1808500
2024,nonowner,0,0,2000000,1000000,1,1125000,2075700
2024,nonowner,0,0,2000000,1500000,3,4934000,6651000
2024,nonowner,0,0,2000000,1750000,2,3895000,4367200
2024,nonowner,0,0,2000000,2000000,3,6659000,6396200
2024,nonowner,0,0,2000000,2750000,1,2750000,2075600
2024,nonowner,0,0,2250000,2000000,1,2150000,2450300
2024,nonowner,0,0,2250000,2250000,3,7125000,7162000
2024,nonowner,0,0,2250000,2500000,1,2695000,2486800
2024,nonowner,0,0,2250000,2750000,1,2800000,2380300
2024,nonowner,0,0,2500000,2500000,4,10600000,10555500
2024,nonowner,0,0,2500000,2750000,1,2990000,2661800
2024,nonowner,0,0,2500000,3250000,2,6600000,5226800
2024,nonowner,0,0,2500000,3500000,1,3500000,2697100
2024,nonowner,0,0,2750000,2500000,2,5345000,5574100
2024,nonowner,0,0,2750000,2750000,5,14445000,14736400
2024,nonowner,0,0,2750000,6500000,1,6500000,2908400
2024,nonowner,0,0,3250000,3250000,1,3250000,3461800
2024,nonowner,0,0,3250000,4500000,1,4500000,3360900
2024,nonowner,0,0,3500000,2250000,1,2400000,3697200
2024,nonowner,0,0,3500000,2750000,1,2950000,3548300
2024,nonowner,0,0,3500000,3750000,1,3765000,3584800
2024,nonowner,0,0,3750000,3250000,1,3300000,3932800
2024,nonowner,0,0,3750000,3500000,2,7225000,7806200
2024,nonowner,0,0,3750000,3750000,1,3900000,3865200
2024,nonowner,0,0,3750000,4000000,1,4000000,3768800
2024,nonowner,0,0,4000000,4000000,1,4200000,4125000
2024,nonowner,0,0,4000000,4250000,1,4350000,4179800
2024,nonowner,0,0,4250000,2250000,1,2288941,4264900
2024,nonowner,0,0,4250000,2750000,1,2933005,4363700
2024,nonowner,0,0,4250000,4750000,1,4900000,4357000
2024,nonowner,0,0,4500000,4500000,1,4700000,4590000
2024,nonowner,0,0,4500000,5000000,1,5000000,4595500
2024,nonowner,0,0,4500000,6000000,1,6400000,4501200
2024,nonowner,0,0,4750000,4500000,1,4660000,4834000
2024,nonowner,0,0,5000000,3750000,1,3900000,5120500
2024,nonowner,0,0,5000000,5000000,1,5000000,5004700
2024,nonowner,0,0,5250000,5500000,1,5500000,5422000
2024,nonowner,0,0,5250000,6000000,1,6050000,5441100
2024,nonowner,0,0,5250000,6500000,2,13300000,10759800
2024,nonowner,0,0,5500000,4750000,1,4850000,5608300
2024,nonowner,0,0,5500000,6000000,2,12690000,11236300
2024,nonowner,0,0,5750000,5000000,1,5000000,5775800
2024,nonowner,0,0,7000000,10000000,1,11500000,7411700
2024,nonowner,0,0,7500000,8000000,1,8400000,7767700
2024,nonowner,0,0,9500000,10000000,1,16000000,9583200
2024,nonowner,0,0,12500000,10000000,1,14300000,12968400
2024,nonowner,0,1,0,0,38,9721000,8283900
2024,nonowner,0,1,300000,0,105,48214573,49048400
2024,nonowner,0,1,300000,600000,65,45021350,34470800
2024,nonowner,0,1,300000,800000,13,11114500,7174100
2024,nonowner,0,1,300000,1000000,2,2250000,1074500
2024,nonowner,0,1,600000,0,15,7594000,10377000
2024,nonowner,0,1,600000,600000,64,45822496,43486900
2024,nonowner,0,1,600000,800000,79,69722900,54952700
2024,nonowner,0,1,600000,1000000,8,8585000,5739000
2024,nonowner,0,1,600000,1250000,1,1398000,740700
2024,nonowner,0,1,800000,0,5,2684000,4234900
2024,nonowner,0,1,800000,600000,9,6628200,7834600
2024,nonowner,0,1,800000,800000,23,21242249,20316800
2024,nonowner,0,1,800000,1000000,32,34845200,28716200
2024,nonowner,0,1,800000,1250000,16,21417250,14821100
2024,nonowner,0,1,1000000,600000,3,1937250,3434200
2024,nonowner,0,1,1000000,800000,10,9212911,10891100
2024,nonowner,0,1,1000000,1000000,17,19488750,18794300
2024,nonowner,0,1,1000000,1250000,29,39175236,33244800
2024,nonowner,0,1,1000000,1500000,10,15377000,10975300
2024,nonowner,0,1,1000000,1750000,3,5657000,3333300
2024,nonowner,0,1,1250000,1000000,6,7064700,7952700
2024,nonowner,0,1,1250000,1250000,19,25740500,25226300
2024,nonowner,0,1,1250000,1500000,21,33834825,29156700
2024,nonowner,0,1,1250000,1750000,4,7265000,5486100
2024,nonowner,0,1,1250000,2000000,1,2000000,1321600
2024,nonowner,0,1,1250000,2500000,1,2600000,1480600
2024,nonowner,0,1,1500000,1000000,1,1000000,1668300
2024,nonowner,0,1,1500000,1250000,1,1450000,1532600
2024,nonowner,0,1,1500000,1500000,14,22725000,21897100
2024,nonowner,0,1,1500000,1750000,10,18322500,16359600
2024,nonowner,0,1,1500000,2000000,2,4277037,3312600
2024,nonowner,0,1,1500000,2250000,1,2400000,1648700
2024,nonowner,0,1,1500000,2500000,1,2672500,1575000
2024,nonowner,0,1,1750000,1500000,2,3150000,3670000
2024,nonowner,0,1,1750000,1750000,8,15173199,14642500
2024,nonowner,0,1,1750000,2000000,3,6557000,5696800
2024,nonowner,0,1,1750000,2250000,2,4600000,3851700
2024,nonowner,0,1,1750000,2500000,1,2500000,1911800
2024,nonowner,0,1,1750000,3250000,1,3400000,1964300
2024,nonowner,0,1,2000000,1500000,6,9647300,12207000
2024,nonowner,0,1,2000000,1750000,10,18889247,20346500
2024,nonowner,0,1,2000000,2000000,3,6271100,6133100
2024,nonowner,0,1,2000000,2250000,7,16550700,14433300
2024,nonowner,0,1,2000000,2500000,3,7844550,6135400
2024,nonowner,0,1,2250000,2000000,3,6576100,7455300
2024,nonowner,0,1,2250000,2250000,6,14484200,14751600
2024,nonowner,0,1,2250000,2500000,12,31260450,29653300
2024,nonowner,0,1,2250000,2750000,6,17278100,14837100
2024,nonowner,0,1,2250000,3000000,2,6062350,4996600
2024,nonowner,0,1,2250000,3250000,2,6725000,4925700
2024,nonowner,0,1,2250000,3500000,1,3500000,2498300
2024,nonowner,0,1,2250000,3750000,1,3900000,2498300
2024,nonowner,0,1,2500000,1500000,1,1710000,2724700
2024,nonowner,0,1,2500000,1750000,2,3949950,5190700
2024,nonowner,0,1,2500000,2250000,1,2317500,2724700
2024,nonowner,0,1,2500000,2750000,1,2795000,2658500
2024,nonowner,0,1,2750000,2500000,2,5227300,5720000
2024,nonowner,0,1,2750000,3000000,3,9250000,8693000
2024,nonowner,0,1,2750000,3250000,5,16565000,14270900
2024,nonowner,0,1,3000000,2750000,1,2800000,3023400
2024,nonowner,0,1,3000000,3000000,2,6105000,6329500
2024,nonowner,0,1,3000000,3500000,2,7107500,6196500
2024,nonowner,0,1,3000000,4000000,1,4090000,3230900
2024,nonowner,0,1,3250000,3000000,1,3105000,3416600
2024,nonowner,0,1,3250000,3250000,1,3400000,3462700
2024,nonowner,0,1,3250000,4250000,1,4450001,3416600
2024,nonowner,0,1,3500000,3000000,1,3200000,3561100
2024,nonowner,0,1,3500000,3250000,2,6724400,7396900
2024,nonowner,0,1,3500000,3500000,5,18389950,18497700
2024,nonowner,0,1,3500000,3750000,6,23286000,21708700
2024,nonowner,0,1,3500000,4000000,1,4175000,3505900
2024,nonowner,0,1,3500000,4250000,2,8648500,7433700
2024,nonowner,0,1,3750000,3500000,1,3600000,3811500
2024,nonowner,0,1,3750000,4750000,1,4850000,3763400
2024,nonowner,0,1,4000000,4000000,4,16605000,16782200
2024,nonowner,0,1,4000000,4250000,1,4300000,4166500
2024,nonowner,0,1,4000000,4500000,1,4625000,4080300
2024,nonowner,0,1,4500000,5250000,1,5400000,4661300
2024,nonowner,0,1,4750000,4250000,1,4375000,4951600
2024,nonowner,0,1,4750000,4750000,2,9750000,9806500
2024,nonowner,0,1,5000000,4750000,1,4900000,5152500
2024,nonowner,0,1,5000000,5500000,1,5650000,5017300
2024,nonowner,0,1,5000000,6500000,1,6525000,5213100
2024,nonowner,0,1,5000000,8500000,1,8600000,5232800
2024,nonowner,0,1,5250000,5750000,1,5800000,5478400
2024,nonowner,0,1,5500000,5000000,1,5225000,5514000
2024,nonowner,0,1,5500000,5750000,2,11600000,11234300
2024,nonowner,0,1,5500000,6000000,1,6100000,5661700
2024,nonowner,0,1,5500000,6500000,1,6750000,5586600
2024,nonowner,0,1,6500000,6500000,1,6500000,6513600
2024,nonowner,0,1,7000000,10000000,1,10900000,7495300
2024,nonowner,0,1,7500000,5000000,1,5245536,7678600
2024,nonowner,0,1,9500000,5250000,1,5495000,9713100
2024,nonowner,0,1,9500000,9500000,1,9638530,9610000
2024,nonowner,0,1,9500000,10000000,4,47765797,38417200
2024,nonowner,0,1,10000000,7500000,3,23050713,30740700
2024,nonowner,0,1,10000000,9500000,1,9922500,10099300
2024,nonowner,0,1,10000000,10000000,5,55723068,50726700
2024,nonowner,0,1,12500000,10000000,2,22439823,26611000
2024,nonowner,0,1,15000000,9000000,1,9209379,15489300
2024,nonowner,0,1,15000000,10000000,3,64696275,47519100
2024,nonowner,0,1,20000000,10000000,1,43579000,20234100
2024,nonowner,1,0,300000,0,1,290000,365500
2024,nonowner,1,0,300000,1000000,1,1125000,495000
2024,nonowner,1,0,600000,0,2,823301,1453300
2024,nonowner,1,0,600000,600000,8,5750925,5728200
2024,nonowner,1,0,600000,800000,2,1649000,1534500
2024,nonowner,1,0,800000,0,1,550000,899700
2024,nonowner,1,0,800000,600000,2,1518359,1820400
2024,nonowner,1,0,800000,800000,6,5331760,5374800
2024,nonowner,1,0,800000,1000000,1,1046000,929700
2024,nonowner,1,0,1000000,600000,3,2170000,3155200
2024,nonowner,1,0,1000000,800000,2,1895000,2185700
2024,nonowner,1,0,1000000,1000000,2,2221000,2194600
2024,nonowner,1,0,1000000,1250000,1,1400000,1239100
2024,nonowner,1,0,1250000,600000,1,750000,1273700
2024,nonowner,1,0,1250000,1000000,2,2400000,2591100
2024,nonowner,1,0,1250000,1250000,4,5220000,5478900
2024,nonowner,1,0,1250000,1500000,1,1655000,1373000
2024,nonowner,1,0,1250000,1750000,1,1750000,1257000
2024,nonowner,1,0,1500000,800000,2,1770000,3087200
2024,nonowner,1,0,1500000,1250000,1,1390000,1590200
2024,nonowner,1,0,1500000,1500000,3,4975000,4582600
2024,nonowner,1,0,1500000,1750000,1,1785000,1542100
2024,nonowner,1,0,1500000,2000000,1,2000000,1653600
2024,nonowner,1,0,1750000,1000000,1,1200000,1844600
2024,nonowner,1,0,1750000,1750000,1,1910000,1959200
2024,nonowner,1,0,1750000,2500000,1,2600000,1832400
2024,nonowner,1,0,2250000,1750000,2,3860226,4729700
2024,nonowner,1,0,2500000,2500000,1,2700000,2674900
2024,nonowner,1,0,2500000,2750000,1,2758600,2685200
2024,nonowner,1,0,3750000,3750000,1,3850000,3817300
2024,nonowner,1,0,4250000,5250000,1,5350000,4466100
2024,nonowner,1,0,6000000,6000000,1,6000000,6096300
2024,nonowner,1,1,300000,0,12,5618994,6057700
2024,nonowner,1,1,300000,600000,3,2060000,1639300
2024,nonowner,1,1,600000,0,1,599000,628300
2024,nonowner,1,1,600000,600000,1,635000,689400
2024,nonowner,1,1,600000,800000,3,2579000,2308900
2024,nonowner,1,1,800000,0,1,573000,833000
2024,nonowner,1,1,800000,800000,3,2617000,2557100
2024,nonowner,1,1,1000000,1250000,1,1425000,1133900
2024,nonowner,1,1,1250000,1500000,1,1610000,1341100
2024,nonowner,1,1,1250000,2000000,1,2000000,1279500
2024,nonowner,1,1,1250000,2250000,1,2250000,1455800
2024,nonowner,1,1,1500000,1500000,3,4700000,4633300
2024,nonowner,1,1,1500000,1750000,1,1975000,1515700
2024,nonowner,1,1,1750000,1500000,1,1525250,1840700
2024,nonowner,1,1,2000000,1500000,1,1715850,2034100
2024,nonowner,1,1,2250000,2250000,1,2309800,2485100
2024,nonowner,1,1,2250000,2500000,1,2625550,2491100
2024,nonowner,1,1,2250000,3250000,1,3350000,2485100
2024,nonowner,1,1,3000000,3500000,1,3500000,3029000
2024,nonowner,1,1,5750000,5000000,1,5134831,5761100
2025,owner,0,0,0,0,2,568751,492200
2025,owner,0,0,300000,0,8,3965900,3765800
2025,owner,0,0,300000,600000,1,745000,579100
2025,owner,0,0,600000,0,1,519000,693700
2025,owner,0,0,600000,600000,2,1460000,1374200
2025,owner,0,0,600000,800000,2,1755000,1355600
2025,owner,0,0,800000,0,3,1514000,2687500
2025,owner,0,0,800000,800000,13,11718480,11407000
2025,owner,0,0,800000,1000000,9,9818000,8494400
2025,owner,0,0,800000,1250000,1,1275000,841000
2025,owner,0,0,1000000,800000,6,5391901,6653100
2025,owner,0,0,1000000,1000000,9,10298000,9793600
2025,owner,0,0,1000000,1250000,8,10515000,9377800
2025,owner,0,0,1000000,1750000,1,1830000,1027400
2025,owner,0,0,1250000,1000000,4,4615000,5177700
2025,owner,0,0,1250000,1250000,18,24761049,24279800
2025,owner,0,0,1250000,1500000,5,7797500,6770700
2025,owner,0,0,1250000,1750000,1,1750000,1407300
2025,owner,0,0,1500000,1250000,2,2874400,3094300
2025,owner,0,0,1500000,1500000,2,3212585,3071400
2025,owner,0,0,1500000,1750000,3,5544900,4984300
2025,owner,0,0,1500000,2000000,3,6160000,5133400
2025,owner,0,0,1750000,1500000,1,1675000,1826500
2025,owner,0,0,1750000,1750000,5,9123000,9354900
2025,owner,0,0,1750000,2000000,1,2150000,1936700
2025,owner,0,0,2000000,2000000,3,6463888,6286000
2025,owner,0,0,2000000,2250000,2,4763888,4192800
2025,owner,0,0,2000000,2750000,1,2900000,2244300
2025,owner,0,0,2250000,1500000,1,1500000,2351400
2025,owner,0,0,2250000,2250000,2,4683000,4727900
2025,owner,0,0,2250000,3000000,1,3189746,2286700
2025,owner,0,0,2500000,2500000,2,5125000,5194600
2025,owner,0,0,2750000,2750000,1,2777108,2984900
2025,owner,0,0,3000000,3500000,1,3525000,3243200
2025,owner,0,0,3250000,3000000,1,3075000,3352000
2025,owner,0,0,3750000,4000000,1,4000000,3782600
2025,owner,0,0,4000000,3000000,1,3049000,4118600
2025,owner,0,0,4250000,6500000,1,6555000,4328300
2025,owner,0,0,4500000,5500000,1,5500000,4506800
2025,owner,0,0,6000000,7500000,1,7600000,6473300
2025,owner,0,0,6500000,6000000,1,6100000,6651000
2025,owner,0,0,9000000,9500000,1,9900000,9491200
2025,owner,0,0,12500000,10000000,1,16300000,13233000
2025,owner,0,1,0,0,7,1462000,1360300
2025,owner,0,1,300000,0,21,9548600,9860200
2025,owner,0,1,300000,600000,3,2025000,1696700
2025,owner,0,1,300000,800000,1,998700,592700
2025,owner,0,1,600000,0,1,425000,791000
2025,owner,0,1,600000,600000,8,5412674,5317900
2025,owner,0,1,600000,800000,2,1710000,1245800
2025,owner,0,1,800000,800000,5,4713999,4588200
2025,owner,0,1,800000,1000000,1,1000000,980000
2025,owner,0,1,1000000,600000,1,779000,1014600
2025,owner,0,1,1000000,800000,2,1969000,2206800
2025,owner,0,1,1000000,1000000,4,4317612,4342700
2025,owner,0,1,1000000,1250000,1,1425000,1096900
2025,owner,0,1,1000000,1500000,1,1600000,1062900
2025,owner,0,1,1250000,800000,1,995000,1344000
2025,owner,0,1,1250000,1000000,2,2310000,2533700
2025,owner,0,1,1250000,1250000,4,5320300,5410200
2025,owner,0,1,1250000,1500000,1,1542000,1344700
2025,owner,0,1,1500000,1500000,2,3190000,3150900
2025,owner,0,1,1500000,1750000,1,1775000,1678600
2025,owner,0,1,1500000,2250000,1,2250000,1713300
2025,owner,0,1,1750000,1750000,1,1777000,1803900
2025,owner,0,1,1750000,2000000,1,2236000,1845400
2025,owner,0,1,1750000,2250000,2,4650000,3797800
2025,owner,0,1,2000000,2000000,1,2100000,2001600
2025,owner,0,1,2000000,2500000,1,2650000,2034100
2025,owner,0,1,2500000,2250000,1,2424500,2510600
2025,owner,0,1,2500000,2500000,1,2500000,2508700
2025,owner,0,1,3000000,3000000,1,3200000,3093600
2025,owner,0,1,3250000,3250000,1,3300000,3486800
2025,owner,0,1,3500000,1750000,1,1923250,3692800
2025,owner,0,1,3500000,3250000,1,3250000,3550000
2025,owner,0,1,4000000,2750000,1,2900000,4218400
2025,owner,0,1,4000000,4000000,1,4088000,4065000
2025,owner,0,1,4750000,4000000,1,4150000,4931700
2025,owner,0,1,5000000,4750000,1,4950000,5055800
2025,owner,0,1,5250000,4000000,1,4000000,5375100
2025,owner,0,1,5500000,5000000,1,5100000,5552000
2025,owner,1,0,300000,0,10,4405200,4465300
2025,owner,1,0,300000,600000,1,625000,522600
2025,owner,1,0,300000,800000,2,1835000,1125100
2025,owner,1,0,600000,0,2,810000,1380400
2025,owner,1,0,600000,600000,32,22596605,22438100
2025,owner,1,0,600000,800000,5,4420000,3644700
2025,owner,1,0,600000,1000000,1,1000000,702800
2025,owner,1,0,600000,1250000,1,1375000,762100
2025,owner,1,0,800000,600000,5,3858180,4416700
2025,owner,1,0,800000,800000,31,28709010,28295800
2025,owner,1,0,800000,1000000,18,19676000,16749500
2025,owner,1,0,800000,1250000,2,2538000,1775700
2025,owner,1,0,1000000,600000,1,699000,1075200
2025,owner,1,0,1000000,800000,5,4725000,5201100
2025,owner,1,0,1000000,1000000,43,49452500,48044700
2025,owner,1,0,1000000,1250000,15,19765725,17055000
2025,owner,1,0,1000000,1500000,2,3225108,2454600
2025,owner,1,0,1000000,1750000,1,1800000,1016000
2025,owner,1,0,1250000,800000,4,3588600,5560900
2025,owner,1,0,1250000,1000000,2,2127400,2840400
2025,owner,1,0,1250000,1250000,52,70624961,70473700
2025,owner,1,0,1250000,1500000,12,18986496,16726000
2025,owner,1,0,1500000,1000000,1,1228000,1535700
2025,owner,1,0,1500000,1250000,3,4330000,4604800
2025,owner,1,0,1500000,1500000,10,16282000,15752600
2025,owner,1,0,1500000,1750000,7,12835000,11605500
2025,owner,1,0,1500000,2000000,2,4200000,3450600
2025,owner,1,0,1750000,1500000,7,11445000,12856600
2025,owner,1,0,1750000,1750000,6,11065000,11019100
2025,owner,1,0,1750000,2000000,1,2000000,1859000
2025,owner,1,0,1750000,2250000,1,2330000,1993600
2025,owner,1,0,1750000,2500000,1,2500000,1760400
2025,owner,1,0,1750000,2750000,1,2775000,1981600
2025,owner,1,0,2000000,1500000,2,3400000,4043500
2025,owner,1,0,2000000,1750000,1,1750000,2132200
2025,owner,1,0,2000000,2000000,2,4300000,4259500
2025,owner,1,0,2000000,2250000,1,2330000,2076600
2025,owner,1,0,2000000,2500000,2,5080000,4390200
2025,owner,1,0,2000000,2750000,1,2800000,2205700
2025,owner,1,0,2250000,1750000,1,1750000,2345300
2025,owner,1,0,2250000,2000000,1,2050000,2364500
2025,owner,1,0,2250000,2250000,1,2322888,2475100
2025,owner,1,0,2250000,2500000,3,7810000,7119200
2025,owner,1,0,2250000,2750000,1,2875000,2298800
2025,owner,1,0,2500000,2500000,1,2625000,2655300
2025,owner,1,0,2500000,2750000,2,5532000,5366600
2025,owner,1,0,3250000,3500000,1,3600000,3417500
2025,owner,1,0,3500000,2750000,1,2900000,3502400
2025,owner,1,0,3500000,3000000,1,3200000,3646700
2025,owner,1,0,3750000,3500000,1,3625000,3758600
2025,owner,1,0,3750000,6000000,1,6000000,3763600
2025,owner,1,0,4000000,4000000,1,4075000,4146700
2025,owner,1,0,4250000,5250000,1,5325000,4466100
2025,owner,1,0,4500000,5500000,1,5500000,4626900
2025,owner,1,0,4500000,7500000,1,7500000,4615000
2025,owner,1,0,10000000,10000000,1,14470000,11759100
2025,owner,1,1,0,0,1,269000,272000
2025,owner,1,1,300000,0,41,20442500,20533100
2025,owner,1,1,300000,600000,20,13098000,10853800
2025,owner,1,1,300000,800000,2,1605000,930500
2025,owner,1,1,600000,0,7,3754000,4399400
2025,owner,1,1,600000,600000,29,20215400,20111300
2025,owner,1,1,600000,800000,4,3315000,2876600
2025,owner,1,1,600000,1250000,1,1430000,678300
2025,owner,1,1,800000,0,1,537000,817500
2025,owner,1,1,800000,600000,2,1375000,1662800
2025,owner,1,1,800000,800000,9,8126000,8311100
2025,owner,1,1,800000,1250000,1,1415000,965100
2025,owner,1,1,1000000,800000,2,1953950,2398600
2025,owner,1,1,1000000,1000000,9,10068000,9914800
2025,owner,1,1,1000000,1250000,3,3950000,3402000
2025,owner,1,1,1250000,1250000,4,5454000,5589000
2025,owner,1,1,1250000,1500000,2,3225000,2771700
2025,owner,1,1,1500000,600000,1,785000,1549800
2025,owner,1,1,1500000,1250000,2,2725000,3203600
2025,owner,1,1,1500000,1500000,2,3135000,3170400
2025,owner,1,1,1500000,1750000,1,1850000,1718200
2025,owner,1,1,1500000,2000000,1,2200000,1714500
2025,owner,1,1,1750000,2000000,1,2195000,1915700
2025,owner,1,1,1750000,2250000,1,2260000,1803200
2025,owner,1,1,2000000,1750000,1,1875000,2182400
2025,owner,1,1,2000000,2000000,1,2175000,2182400
2025,owner,1,1,2000000,2500000,1,2500000,2184600
2025,owner,1,1,2250000,2250000,1,2400000,2262900
2025,owner,1,1,2250000,2500000,1,2690000,2405300
2025,owner,1,1,2500000,1500000,1,1700000,2566200
2025,owner,1,1,2750000,3250000,1,3400000,2913700
2025,owner,1,1,3750000,4750000,1,4975000,3803700
2025,owner,1,1,15000000,8000000,1,8194207,15489300
2025,nonowner,0,0,0,0,3,774000,704600
2025,nonowner,0,0,300000,0,6,2886000,3042900
2025,nonowner,0,0,300000,600000,5,3337500,2779200
2025,nonowner,0,0,600000,0,4,1986212,2811800
2025,nonowner,0,0,600000,600000,9,6219552,6584000
2025,nonowner,0,0,600000,800000,2,1730000,1469400
2025,nonowner,0,0,600000,1500000,1,1600000,640100
2025,nonowner,0,0,800000,0,1,520000,970000
2025,nonowner,0,0,800000,600000,9,6445463,7629500
2025,nonowner,0,0,800000,800000,13,11585500,11836000
2025,nonowner,0,0,800000,1000000,9,9690000,8415700
2025,nonowner,0,0,800000,1250000,1,1285000,904900
2025,nonowner,0,0,800000,1500000,2,3300000,1929600
2025,nonowner,0,0,800000,1750000,1,1938000,906400
2025,nonowner,0,0,1000000,600000,1,750000,1053500
2025,nonowner,0,0,1000000,800000,13,11803700,14822400
2025,nonowner,0,0,1000000,1000000,12,13541000,13347300
2025,nonowner,0,0,1000000,1250000,9,11848768,10531200
2025,nonowner,0,0,1000000,1500000,5,7750000,5983100
2025,nonowner,0,0,1000000,1750000,1,1800000,1095300
2025,nonowner,0,0,1000000,2000000,1,2150000,1094800
2025,nonowner,0,0,1250000,600000,2,1525000,2507400
2025,nonowner,0,0,1250000,800000,5,4290793,6519400
2025,nonowner,0,0,1250000,1000000,4,4785000,5218100
2025,nonowner,0,0,1250000,1250000,13,17938630,17641400
2025,nonowner,0,0,1250000,1500000,13,20486091,18761200
2025,nonowner,0,0,1250000,1750000,2,3650000,2795600
2025,nonowner,0,0,1250000,2000000,3,6272500,4210000
2025,nonowner,0,0,1250000,2750000,1,2950000,1468500
2025,nonowner,0,0,1500000,800000,1,850000,1644700
2025,nonowner,0,0,1500000,1000000,2,2400000,3369600
2025,nonowner,0,0,1500000,1250000,3,4202000,4851500
2025,nonowner,0,0,1500000,1500000,6,9642500,9662300
2025,nonowner,0,0,1500000,1750000,3,5875000,4947500
2025,nonowner,0,0,1750000,1000000,2,2300000,3777700
2025,nonowner,0,0,1750000,1250000,1,1490000,1816900
2025,nonowner,0,0,1750000,1500000,2,3355000,3636800
2025,nonowner,0,0,1750000,1750000,2,3790000,3697600
2025,nonowner,0,0,1750000,2000000,4,8370000,7661700
2025,nonowner,0,0,1750000,2250000,1,2285000,1972800
2025,nonowner,0,0,2000000,1500000,1,1555000,2015400
2025,nonowner,0,0,2000000,1750000,1,1808000,2123600
2025,nonowner,0,0,2000000,2000000,4,8477037,8481700
2025,nonowner,0,0,2000000,2250000,1,2400000,2044900
2025,nonowner,0,0,2000000,2500000,1,2600000,2194900
2025,nonowner,0,0,2250000,2000000,1,2100000,2412000
2025,nonowner,0,0,2250000,2500000,2,5200000,4640400
2025,nonowner,0,0,2250000,3500000,1,3500000,2434700
2025,nonowner,0,0,2500000,1500000,1,1736600,2546000
2025,nonowner,0,0,2500000,2000000,1,2100000,2631400
2025,nonowner,0,0,2500000,2750000,1,2925000,2554300
2025,nonowner,0,0,2500000,3000000,1,3150000,2742100
2025,nonowner,0,0,2500000,3500000,1,3500000,2615600
2025,nonowner,0,0,2750000,2000000,1,2100000,2856400
2025,nonowner,0,0,2750000,2250000,1,2295000,2908300
2025,nonowner,0,0,2750000,2500000,1,2650000,2786800
2025,nonowner,0,0,2750000,2750000,2,5700000,5738700
2025,nonowner,0,0,3000000,4000000,1,4200000,3159900
2025,nonowner,0,0,3250000,2750000,2,5902400,6705900
2025,nonowner,0,0,3250000,3500000,1,3700000,3465700
2025,nonowner,0,0,3250000,3750000,1,3795000,3481100
2025,nonowner,0,0,3250000,4250000,1,4275000,3453700
2025,nonowner,0,0,3500000,3500000,3,10850000,10869400
2025,nonowner,0,0,3750000,3750000,1,3800000,3865900
2025,nonowner,0,0,3750000,4500000,1,4500000,3845300
2025,nonowner,0,0,4000000,4000000,1,4000000,4140700
2025,nonowner,0,0,4250000,4250000,1,4400000,4421200
2025,nonowner,0,0,4250000,4750000,1,4995000,4406000
2025,nonowner,0,0,4750000,5250000,1,5350000,4754500
2025,nonowner,0,0,4750000,6000000,1,6000000,4954600
2025,nonowner,0,0,5750000,6000000,1,6000000,5985600
2025,nonowner,0,0,5750000,6500000,1,6750000,5893300
2025,nonowner,0,0,6000000,5750000,1,5777000,6485800
2025,nonowner,0,0,6000000,6000000,1,6400000,6210100
2025,nonowner,0,0,6000000,8000000,1,8127000,6459700
2025,nonowner,0,0,6500000,6500000,1,6900000,6609900
2025,nonowner,0,0,7000000,7500000,1,7600000,7357400
2025,nonowner,0,0,7500000,6500000,1,6500000,7843600
2025,nonowner,0,0,7500000,8000000,1,8136000,7934000
2025,nonowner,0,0,8000000,8500000,1,8500000,8484300
2025,nonowner,0,0,10000000,10000000,2,28350000,23515400
2025,nonowner,0,0,15000000,10000000,1,17000000,16927300
2025,nonowner,0,1,0,0,29,6997570,6497700
2025,nonowner,0,1,300000,0,97,45281800,46815000
2025,nonowner,0,1,300000,600000,24,15569900,12898100
2025,nonowner,0,1,300000,800000,1,806100,499800
2025,nonowner,0,1,600000,0,15,7601840,10136500
2025,nonowner,0,1,600000,600000,81,57193900,55892500
2025,nonowner,0,1,600000,800000,18,15848500,13146800
2025,nonowner,0,1,600000,1000000,1,1000000,758800
2025,nonowner,0,1,800000,0,5,2322800,4286200
2025,nonowner,0,1,800000,600000,8,5701827,6971600
2025,nonowner,0,1,800000,800000,41,37298474,35903100
2025,nonowner,0,1,800000,1000000,18,19766900,16455300
2025,nonowner,0,1,800000,1250000,1,1265000,977100
2025,nonowner,0,1,800000,1500000,2,3300000,1839800
2025,nonowner,0,1,1000000,600000,1,787500,1238000
2025,nonowner,0,1,1000000,800000,8,7687000,8742900
2025,nonowner,0,1,1000000,1000000,32,35988213,35372000
2025,nonowner,0,1,1000000,1250000,20,26328800,22625200
2025,nonowner,0,1,1000000,1500000,1,1550000,1197600
2025,nonowner,0,1,1000000,1750000,1,1875000,1208100
2025,nonowner,0,1,1250000,800000,2,1600000,2556400
2025,nonowner,0,1,1250000,1000000,4,4640000,5566400
2025,nonowner,0,1,1250000,1250000,19,25682000,25460600
2025,nonowner,0,1,1250000,1500000,8,12977300,11166600
2025,nonowner,0,1,1250000,1750000,5,9250000,7161500
2025,nonowner,0,1,1250000,2000000,1,2165000,1486700
2025,nonowner,0,1,1500000,1250000,4,5614495,6429000
2025,nonowner,0,1,1500000,1500000,15,24441610,24020500
2025,nonowner,0,1,1500000,1750000,6,11118000,9743000
2025,nonowner,0,1,1500000,2000000,3,6328000,4781700
2025,nonowner,0,1,1500000,2500000,1,2700000,1580700
2025,nonowner,0,1,1500000,3000000,1,3000000,1746400
2025,nonowner,0,1,1750000,800000,1,921350,1765000
2025,nonowner,0,1,1750000,1500000,2,3152100,3636200
2025,nonowner,0,1,1750000,1750000,10,18768400,18432000
2025,nonowner,0,1,1750000,2000000,2,4200000,3864200
2025,nonowner,0,1,1750000,2750000,1,2800000,1839600
2025,nonowner,0,1,2000000,1250000,1,1445850,2034100
2025,nonowner,0,1,2000000,1500000,3,5015450,6105800
2025,nonowner,0,1,2000000,1750000,4,7479700,8191200
2025,nonowner,0,1,2000000,2000000,3,6505000,6611300
2025,nonowner,0,1,2000000,2250000,1,2435000,2187900
2025,nonowner,0,1,2000000,2500000,1,2550000,2101300
2025,nonowner,0,1,2000000,3000000,1,3150000,2037600
2025,nonowner,0,1,2250000,2000000,1,2043550,2485100
2025,nonowner,0,1,2250000,2250000,7,16536650,17099600
2025,nonowner,0,1,2250000,2500000,2,5149550,4967800
2025,nonowner,0,1,2250000,3250000,1,3300000,2351500
2025,nonowner,0,1,2250000,3500000,1,3600000,2485100
2025,nonowner,0,1,2500000,1500000,1,1710000,2615200
2025,nonowner,0,1,2500000,2000000,3,6499000,7763600
2025,nonowner,0,1,2500000,2500000,3,7650000,7990300
2025,nonowner,0,1,2500000,2750000,1,2795000,2528700
2025,nonowner,0,1,2500000,3250000,1,3350000,2632400
2025,nonowner,0,1,2750000,2250000,2,4775000,5848800
2025,nonowner,0,1,2750000,2500000,5,12875000,14361000
2025,nonowner,0,1,2750000,2750000,4,11510000,11333800
2025,nonowner,0,1,2750000,3000000,1,3122400,2930000
2025,nonowner,0,1,2750000,3250000,3,9887500,8553300
2025,nonowner,0,1,2750000,3750000,1,3950000,2992300
2025,nonowner,0,1,2750000,4500000,1,4500000,2895400
2025,nonowner,0,1,3000000,2500000,1,2500000,3127300
2025,nonowner,0,1,3000000,2750000,1,2900000,3104200
2025,nonowner,0,1,3000000,3000000,4,12600000,12601700
2025,nonowner,0,1,3000000,3500000,1,3700000,3127300
2025,nonowner,0,1,3250000,3250000,1,3450000,3477500
2025,nonowner,0,1,3250000,3500000,1,3500000,3261800
2025,nonowner,0,1,3250000,3750000,1,3833333,3376600
2025,nonowner,0,1,3500000,1750000,1,1975000,3592700
2025,nonowner,0,1,3500000,2250000,1,2250000,3532900
2025,nonowner,0,1,3500000,2500000,1,2717812,3541600
2025,nonowner,0,1,3500000,3500000,2,7175000,7407800
2025,nonowner,0,1,3500000,3750000,3,11634450,10913400
2025,nonowner,0,1,3500000,4000000,1,4100000,3601000
2025,nonowner,0,1,3500000,5500000,1,5600000,3703900
2025,nonowner,0,1,3750000,4000000,1,4050000,3817600
2025,nonowner,0,1,4000000,3750000,2,7666666,8390600
2025,nonowner,0,1,4000000,4000000,2,8109839,8314300
2025,nonowner,0,1,4000000,4250000,1,4465000,4203500
2025,nonowner,0,1,4000000,4500000,2,9190000,8293300
2025,nonowner,0,1,4250000,4250000,1,4300000,4363200
2025,nonowner,0,1,4500000,5250000,1,5250000,4610500
2025,nonowner,0,1,4500000,5500000,1,5500000,4574500
2025,nonowner,0,1,4750000,3000000,1,3000000,4816000
2025,nonowner,0,1,4750000,4250000,1,4250000,4931700
2025,nonowner,0,1,4750000,4500000,2,9295000,9928000
2025,nonowner,0,1,4750000,5000000,3,15285592,14891900
2025,nonowner,0,1,5000000,2750000,2,5559600,10114600
2025,nonowner,0,1,5000000,5000000,2,10273030,10147800
2025,nonowner,0,1,5250000,4000000,1,4150000,5378000
2025,nonowner,0,1,5250000,6000000,1,6000000,5338800
2025,nonowner,0,1,5250000,7000000,1,7173190,5451700
2025,nonowner,0,1,5500000,5250000,1,5350000,5552000
2025,nonowner,0,1,5500000,5750000,1,5850000,5577500
2025,nonowner,0,1,6000000,5250000,1,5250000,6210400
2025,nonowner,0,1,6500000,8000000,1,8000000,6778800
2025,nonowner,0,1,7000000,7000000,1,7255205,7162700
2025,nonowner,0,1,8500000,8500000,1,8655000,8632500
2025,nonowner,0,1,9000000,10000000,1,17250000,9311700
2025,nonowner,0,1,10000000,6000000,1,6400000,10230500
2025,nonowner,0,1,10000000,10000000,4,49123337,41412500
2025,nonowner,0,1,15000000,10000000,1,22000000,16615100
2025,nonowner,1,0,300000,0,3,1507000,1484800
2025,nonowner,1,0,300000,800000,2,1965854,1124600
2025,nonowner,1,0,600000,0,1,460000,781300
2025,nonowner,1,0,600000,600000,1,741635,741600
2025,nonowner,1,0,600000,800000,1,850000,712200
2025,nonowner,1,0,800000,0,1,539766,899400
2025,nonowner,1,0,800000,600000,2,1448000,1885000
2025,nonowner,1,0,800000,800000,2,1730520,1730600
2025,nonowner,1,0,800000,1000000,1,1030000,963400
2025,nonowner,1,0,1000000,600000,2,1494000,2071000
2025,nonowner,1,0,1000000,1000000,2,2230000,2156300
2025,nonowner,1,0,1000000,1250000,1,1250000,1121000
2025,nonowner,1,0,1250000,1000000,2,2250000,2617300
2025,nonowner,1,0,1250000,1250000,6,7913340,8465300
2025,nonowner,1,0,1500000,1250000,1,1400000,1574900
2025,nonowner,1,0,1500000,1500000,2,3200000,3159000
2025,nonowner,1,0,1750000,1000000,1,1225000,1926900
2025,nonowner,1,0,1750000,1250000,1,1418000,1853900
2025,nonowner,1,0,1750000,1500000,1,1675000,1861900
2025,nonowner,1,0,2250000,4000000,1,4000000,2469500
2025,nonowner,1,0,2500000,2750000,1,2800000,2577500
2025,nonowner,1,0,3000000,2000000,1,2160000,3079100
2025,nonowner,1,0,6000000,5750000,1,5900000,6326700
2025,nonowner,1,1,300000,0,7,3145500,3432200
2025,nonowner,1,1,300000,600000,1,600000,564500
2025,nonowner,1,1,600000,600000,3,2155000,2082800
2025,nonowner,1,1,800000,800000,1,820000,917700
2025,nonowner,1,1,1000000,1000000,3,3461000,3580500
2025,nonowner,1,1,1000000,1250000,1,1300000,1150700
2025,nonowner,1,1,2500000,1750000,1,1999999,2513900
2025,nonowner,1,1,4000000,4000000,1,4200000,4175600
2026,owner,0,0,0,0,6,2009000,1265900
2026,owner,0,0,300000,0,5,1925000,2124200
2026,owner,0,0,300000,600000,3,2083000,1423500
2026,owner,0,0,300000,800000,2,1825000,929900
2026,owner,0,0,300000,1250000,1,1290000,588300
2026,owner,0,0,600000,0,2,811250,1404200
2026,owner,0,0,600000,600000,10,7122501,7255300
2026,owner,0,0,600000,800000,6,5445000,4391800
2026,owner,0,0,600000,1000000,1,1219590,675300
2026,owner,0,0,800000,600000,2,1450960,1648700
2026,owner,0,0,800000,800000,12,10746260,10769000
2026,owner,0,0,800000,1000000,7,7794999,6390700
2026,owner,0,0,800000,1250000,1,1250000,988900
2026,owner,0,0,800000,1750000,1,1800000,821200
2026,owner,0,0,1000000,800000,11,9871800,12325500
2026,owner,0,0,1000000,1000000,22,24830000,24354800
2026,owner,0,0,1000000,1250000,4,5606000,4600400
2026,owner,0,0,1000000,1500000,1,1585000,1100300
2026,owner,0,0,1250000,600000,1,775000,1315200
2026,owner,0,0,1250000,800000,2,1650000,2716900
2026,owner,0,0,1250000,1000000,11,12742500,15092100
2026,owner,0,0,1250000,1250000,21,29009485,29092600
2026,owner,0,0,1250000,1500000,10,15691032,13816000
2026,owner,0,0,1500000,1000000,1,1050000,1546600
2026,owner,0,0,1500000,1250000,3,4350000,4866500
2026,owner,0,0,1500000,1500000,3,4865000,4962000
2026,owner,0,0,1500000,2000000,1,2155000,1618800
2026,owner,0,0,1750000,1250000,2,2725000,3702100
2026,owner,0,0,1750000,1500000,1,1680000,1767200
2026,owner,0,0,1750000,1750000,5,9283000,9421600
2026,owner,0,0,1750000,2000000,3,6290000,5610300
2026,owner,0,0,1750000,2250000,1,2450000,1858500
2026,owner,0,0,1750000,2500000,1,2550000,1806600
2026,owner,0,0,2000000,1000000,1,1100000,2088900
2026,owner,0,0,2000000,1750000,2,3675000,4219300
2026,owner,0,0,2000000,2250000,1,2400000,2053800
2026,owner,0,0,2250000,1500000,2,3270000,4707700
2026,owner,0,0,2250000,1750000,1,1999999,2357400
2026,owner,0,0,2250000,2250000,1,2395000,2370600
2026,owner,0,0,2500000,1500000,1,1725000,2511300
2026,owner,0,0,2750000,2000000,1,2200000,2762700
2026,owner,0,0,2750000,2250000,1,2475000,2992900
2026,owner,0,0,2750000,2500000,1,2550000,2938900
2026,owner,0,0,2750000,3000000,1,3075000,2832900
2026,owner,0,0,3250000,3000000,1,3050000,3319700
2026,owner,0,0,3500000,3750000,1,3750000,3635200
2026,owner,0,0,4000000,3000000,1,3130500,4222800
2026,owner,0,0,4000000,3750000,2,7535000,8255000
2026,owner,0,0,4250000,6000000,1,6000000,4373500
2026,owner,0,0,4500000,3750000,1,3850000,4568400
2026,owner,0,0,5250000,5250000,1,5250000,5347000
2026,owner,0,0,5250000,7500000,1,7800000,5488300
2026,owner,0,0,6000000,6000000,1,6485000,6132600
2026,owner,0,0,6500000,10000000,1,11000000,6642700
2026,owner,0,0,10000000,10000000,1,13400000,12131500
2026,owner,0,1,0,0,15,3245000,3445600
2026,owner,0,1,300000,0,51,21632200,24896900
2026,owner,0,1,300000,600000,5,3505500,2710500
2026,owner,0,1,300000,1000000,1,1050000,529800
2026,owner,0,1,600000,0,12,5694824,7857300
2026,owner,0,1,600000,600000,15,10669625,10370300
2026,owner,0,1,600000,800000,5,4333000,3538000
2026,owner,0,1,800000,600000,1,752000,816300
2026,owner,0,1,800000,800000,10,8825921,8905600
2026,owner,0,1,800000,1000000,1,1010000,853500
2026,owner,0,1,800000,1250000,2,2505800,1894700
2026,owner,0,1,1000000,0,1,550000,1073200
2026,owner,0,1,1000000,800000,4,3749000,4393700
2026,owner,0,1,1000000,1250000,1,1399000,1073800
2026,owner,0,1,1000000,1500000,1,1745000,1234900
2026,owner,0,1,1250000,1250000,2,2660000,2669800
2026,owner,0,1,1250000,1750000,1,1995000,1324200
2026,owner,0,1,1250000,2000000,1,2000000,1419800
2026,owner,0,1,1500000,1000000,1,1200000,1528700
2026,owner,0,1,1500000,1250000,2,2910000,3254200
2026,owner,0,1,1500000,1500000,1,1725000,1509600
2026,owner,0,1,1500000,1750000,2,3540000,3037500
2026,owner,0,1,1500000,2750000,1,2950000,1740100
2026,owner,0,1,1750000,1500000,3,4645000,5640300
2026,owner,0,1,1750000,1750000,2,3700000,3755900
2026,owner,0,1,2000000,1500000,1,1550000,2059100
2026,owner,0,1,2000000,2250000,1,2315000,2013900
2026,owner,0,1,2500000,1750000,1,1995000,2714100
2026,owner,0,1,2500000,2750000,1,2967000,2736800
2026,owner,0,1,2750000,2250000,2,4739000,5609200
2026,owner,0,1,2750000,3500000,1,3549000,2942000
2026,owner,0,1,3500000,2750000,1,2950000,3728100
2026,owner,0,1,5250000,5750000,1,5950000,5471600
2026,owner,0,1,5750000,5750000,1,5750000,5797200
2026,owner,1,0,300000,0,5,2051945,2066300
2026,owner,1,0,300000,600000,3,2140000,1523700
2026,owner,1,0,300000,800000,5,4505000,2676600
2026,owner,1,0,300000,1000000,1,1200000,590000
2026,owner,1,0,300000,1250000,1,1270000,577000
2026,owner,1,0,600000,0,4,2140000,2589500
2026,owner,1,0,600000,600000,7,4635300,4561200
2026,owner,1,0,600000,800000,14,12243999,10265300
2026,owner,1,0,600000,1500000,1,1600000,724600
2026,owner,1,0,800000,0,1,513500,941200
2026,owner,1,0,800000,600000,8,5740000,7206600
2026,owner,1,0,800000,800000,20,18082260,17794500
2026,owner,1,0,800000,1000000,16,17582500,14841100
2026,owner,1,0,800000,1250000,2,2585000,1727000
2026,owner,1,0,1000000,600000,2,1315000,2045100
2026,owner,1,0,1000000,800000,11,10448888,11952100
2026,owner,1,0,1000000,1000000,38,43257995,42212700
2026,owner,1,0,1000000,1250000,17,22438079,19422500
2026,owner,1,0,1000000,1500000,3,4875000,3435300
2026,owner,1,0,1250000,800000,2,1724500,2682200
2026,owner,1,0,1250000,1000000,12,13378000,16502500
2026,owner,1,0,1250000,1250000,20,27274674,27650400
2026,owner,1,0,1250000,1500000,3,4705000,4164300
2026,owner,1,0,1250000,1750000,4,7420000,5917300
2026,owner,1,0,1250000,2000000,2,4275000,2674000
2026,owner,1,0,1500000,1000000,2,2325000,3126800
2026,owner,1,0,1500000,1250000,2,2744000,3179900
2026,owner,1,0,1500000,1500000,3,4875000,4813700
2026,owner,1,0,1500000,1750000,1,1820000,1641600
2026,owner,1,0,1500000,2000000,1,2145000,1655700
2026,owner,1,0,1500000,2750000,1,2975000,1734600
2026,owner,1,0,1750000,1250000,2,2800000,3675500
2026,owner,1,0,1750000,1500000,3,4830000,5623000
2026,owner,1,0,1750000,1750000,1,1800000,1832800
2026,owner,1,0,1750000,2000000,1,2075000,1777600
2026,owner,1,0,1750000,2500000,1,2550000,1971500
2026,owner,1,0,2000000,1750000,5,9030000,10722900
2026,owner,1,0,2000000,2000000,1,2000000,2217500
2026,owner,1,0,2000000,2250000,2,4755000,4198900
2026,owner,1,0,2000000,2750000,1,2795000,2138700
2026,owner,1,0,2250000,1750000,1,1950000,2306000
2026,owner,1,0,2250000,2500000,2,5230000,4726500
2026,owner,1,0,2250000,3500000,1,3700000,2329800
2026,owner,1,0,2500000,2000000,1,2150000,2604100
2026,owner,1,0,2500000,3000000,1,3000000,2674900
2026,owner,1,0,2750000,2000000,1,2202022,2896200
2026,owner,1,0,2750000,2500000,2,5400000,5587100
2026,owner,1,0,2750000,2750000,1,2870000,2808400
2026,owner,1,0,3000000,2750000,1,2870000,3072700
2026,owner,1,0,3000000,3500000,1,3550000,3210600
2026,owner,1,0,3500000,2000000,1,2235000,3640000
2026,owner,1,0,3500000,2500000,1,2600000,3675000
2026,owner,1,0,3500000,2750000,1,2800000,3503800
2026,owner,1,0,4250000,3750000,1,3850000,4479400
2026,owner,1,1,0,0,1,199000,157600
2026,owner,1,1,300000,0,37,17264550,19186000
2026,owner,1,1,300000,600000,6,3735500,3248300
2026,owner,1,1,300000,1250000,1,1250000,539100
2026,owner,1,1,600000,0,6,3226335,3791100
2026,owner,1,1,600000,600000,19,12792000,13256000
2026,owner,1,1,600000,800000,1,874500,717200
2026,owner,1,1,800000,0,1,585000,800700
2026,owner,1,1,800000,600000,2,1480000,1618700
2026,owner,1,1,800000,800000,14,12528000,12918300
2026,owner,1,1,800000,1000000,1,1020000,926000
2026,owner,1,1,1000000,800000,3,2669000,3371500
2026,owner,1,1,1000000,1000000,1,1200000,1197600
2026,owner,1,1,1250000,1250000,1,1300000,1346800
2026,owner,1,1,1250000,1500000,1,1620000,1447700
2026,owner,1,1,1250000,1750000,1,1815000,1495500
2026,owner,1,1,1250000,2000000,1,2200000,1446400
2026,owner,1,1,1250000,2250000,1,2475000,1263600
2026,owner,1,1,1500000,1250000,1,1360000,1528700
2026,owner,1,1,1500000,1750000,2,3785000,3446800
2026,owner,1,1,1750000,1500000,1,1585000,1762500
2026,owner,1,1,1750000,2250000,1,2300000,1957600
2026,owner,1,1,1750000,2750000,1,2950000,1764100
2026,owner,1,1,2000000,1250000,1,1425000,2059100
2026,owner,1,1,2000000,1500000,1,1600000,2220200
2026,owner,1,1,2000000,1750000,1,1999999,2057000
2026,owner,1,1,2500000,2500000,1,2500000,2714100
2026,owner,1,1,3500000,2750000,1,2800000,3519300
2026,nonowner,0,0,0,0,3,429000,642200
2026,nonowner,0,0,300000,0,11,4482000,5072100
2026,nonowner,0,0,300000,600000,2,1315000,864000
2026,nonowner,0,0,300000,800000,3,2625000,1584200
2026,nonowner,0,0,300000,1000000,1,1150000,490000
2026,nonowner,0,0,600000,0,6,3010000,4027800
2026,nonowner,0,0,600000,600000,5,3451721,3572600
2026,nonowner,0,0,600000,800000,1,829000,748000
2026,nonowner,0,0,600000,1000000,2,2415000,1410400
2026,nonowner,0,0,800000,0,1,578248,943600
2026,nonowner,0,0,800000,600000,3,2225000,2609400
2026,nonowner,0,0,800000,800000,6,5558000,5279800
2026,nonowner,0,0,800000,1000000,6,6783468,5382000
2026,nonowner,0,0,800000,1250000,6,7879000,5611400
2026,nonowner,0,0,800000,1500000,1,1685000,882400
2026,nonowner,0,0,1000000,600000,3,2082900,3305100
2026,nonowner,0,0,1000000,800000,6,5626000,6358900
2026,nonowner,0,0,1000000,1000000,14,15845300,15660400
2026,nonowner,0,0,1000000,1250000,9,12055000,10678400
2026,nonowner,0,0,1000000,1500000,3,4680000,3476100
2026,nonowner,0,0,1250000,800000,3,2799440,3850100
2026,nonowner,0,0,1250000,1000000,6,6525000,8084100
2026,nonowner,0,0,1250000,1250000,13,17957950,17841200
2026,nonowner,0,0,1250000,1500000,15,23723890,21055400
2026,nonowner,0,0,1500000,1000000,1,1207750,1539700
2026,nonowner,0,0,1500000,1250000,2,2777000,3379900
2026,nonowner,0,0,1500000,1500000,11,17321900,17342300
2026,nonowner,0,0,1500000,1750000,3,5400000,4713100
2026,nonowner,0,0,1500000,2000000,1,2000000,1502100
2026,nonowner,0,0,1500000,3000000,1,3000000,1544500
2026,nonowner,0,0,1750000,800000,1,945000,1763900
2026,nonowner,0,0,1750000,1000000,1,1230000,1763900
2026,nonowner,0,0,1750000,1500000,1,1687000,1985500
2026,nonowner,0,0,1750000,1750000,2,3550000,3707900
2026,nonowner,0,0,1750000,2000000,2,4185000,3687000
2026,nonowner,0,0,1750000,2750000,1,2795000,1971700
2026,nonowner,0,0,2000000,1250000,2,2570014,4082700
2026,nonowner,0,0,2000000,1500000,1,1700000,2113400
2026,nonowner,0,0,2000000,1750000,3,5500000,6294800
2026,nonowner,0,0,2000000,2000000,2,4220000,4151400
2026,nonowner,0,0,2000000,2250000,2,4670458,4066600
2026,nonowner,0,0,2000000,2750000,1,2900000,2135700
2026,nonowner,0,0,2000000,4000000,1,4100000,2025600
2026,nonowner,0,0,2250000,1500000,1,1749115,2421000
2026,nonowner,0,0,2250000,1750000,1,1875000,2459900
2026,nonowner,0,0,2250000,2500000,2,5265000,4802000
2026,nonowner,0,0,2250000,3250000,1,3400000,2428500
2026,nonowner,0,0,2250000,3750000,1,3750000,2407200
2026,nonowner,0,0,2500000,2000000,1,2100000,2602900
2026,nonowner,0,0,2500000,2250000,3,7035000,8128800
2026,nonowner,0,0,2500000,3000000,2,6175000,5263100
2026,nonowner,0,0,2750000,3500000,1,3500000,2862300
2026,nonowner,0,0,2750000,3750000,1,3850000,2897500
2026,nonowner,0,0,2750000,4000000,1,4000000,2885200
2026,nonowner,0,0,3000000,3000000,1,3200000,3168000
2026,nonowner,0,0,3000000,3250000,1,3300000,3166400
2026,nonowner,0,0,3000000,4250000,3,12810000,9494300
2026,nonowner,0,0,3250000,2750000,1,2800000,3281500
2026,nonowner,0,0,3250000,3500000,1,3500000,3366900
2026,nonowner,0,0,3500000,2250000,1,2300000,3561100
2026,nonowner,0,0,3500000,2750000,1,2895000,3697200
2026,nonowner,0,0,3500000,3000000,2,6189333,7263300
2026,nonowner,0,0,3500000,3500000,1,3571465,3600500
2026,nonowner,0,0,3750000,3000000,2,6400000,7771300
2026,nonowner,0,0,3750000,5500000,2,11200000,7800300
2026,nonowner,0,0,4500000,5500000,1,5600000,4670600
2026,nonowner,0,0,5500000,3250000,1,3310000,5601700
2026,nonowner,0,0,5500000,3500000,1,3700000,5565200
2026,nonowner,0,0,5500000,4000000,1,4200000,5601700
2026,nonowner,0,0,5500000,5000000,1,5075000,5608300
2026,nonowner,0,0,5500000,6500000,2,13225000,11445200
2026,nonowner,0,0,6000000,5250000,1,5250000,6180200
2026,nonowner,0,0,6000000,7500000,1,7625000,6375900
2026,nonowner,0,0,7000000,7500000,1,7770000,7390900
2026,nonowner,0,0,8500000,10000000,1,18500000,8626800
2026,nonowner,0,0,12500000,10000000,1,18000000,14043900
2026,nonowner,0,1,0,0,34,7236791,7166300
2026,nonowner,0,1,0,600000,1,625000,261500
2026,nonowner,0,1,300000,0,107,46829788,52249500
2026,nonowner,0,1,300000,600000,20,13056796,11294400
2026,nonowner,0,1,300000,800000,2,1612000,1000400
2026,nonowner,0,1,600000,0,50,25823932,32977900
2026,nonowner,0,1,600000,600000,58,38813700,39431500
2026,nonowner,0,1,600000,800000,10,8827000,7308900
2026,nonowner,0,1,600000,1000000,2,2100000,1223500
2026,nonowner,0,1,600000,1250000,1,1325000,665700
2026,nonowner,0,1,800000,0,3,1561000,2404300
2026,nonowner,0,1,800000,600000,22,15460000,19101200
2026,nonowner,0,1,800000,800000,35,31081300,30611200
2026,nonowner,0,1,800000,1000000,9,9892650,8345400
2026,nonowner,0,1,800000,1250000,5,6345000,4773600
2026,nonowner,0,1,800000,1750000,1,1875000,923000
2026,nonowner,0,1,1000000,0,1,575000,1026400
2026,nonowner,0,1,1000000,600000,5,3437500,5533700
2026,nonowner,0,1,1000000,800000,18,16263999,20247200
2026,nonowner,0,1,1000000,1000000,21,23406900,23753100
2026,nonowner,0,1,1000000,1250000,8,10748900,9315700
2026,nonowner,0,1,1000000,1500000,2,3200000,2235000
2026,nonowner,0,1,1000000,1750000,1,1985000,1237600
2026,nonowner,0,1,1000000,2000000,2,4150000,2249900
2026,nonowner,0,1,1000000,2500000,1,2685000,1152900
2026,nonowner,0,1,1250000,600000,1,787500,1441000
2026,nonowner,0,1,1250000,800000,5,4764000,6704600
2026,nonowner,0,1,1250000,1000000,9,10489000,12036900
2026,nonowner,0,1,1250000,1250000,13,17629000,17208100
2026,nonowner,0,1,1250000,1500000,9,13940800,12661700
2026,nonowner,0,1,1250000,1750000,3,5475000,3988600
2026,nonowner,0,1,1500000,1000000,1,1050000,1511000
2026,nonowner,0,1,1500000,1250000,7,9885000,11117800
2026,nonowner,0,1,1500000,1500000,3,4650000,4763900
2026,nonowner,0,1,1500000,1750000,5,9487699,8233600
2026,nonowner,0,1,1500000,2000000,1,2000000,1553700
2026,nonowner,0,1,1750000,1500000,4,6511600,7271700
2026,nonowner,0,1,1750000,1750000,7,12790000,13085400
2026,nonowner,0,1,1750000,2000000,3,6135000,5471500
2026,nonowner,0,1,2000000,1500000,1,1720000,2101300
2026,nonowner,0,1,2000000,1750000,1,1975000,2003700
2026,nonowner,0,1,2000000,2000000,2,4240428,4239400
2026,nonowner,0,1,2000000,2250000,1,2350000,2184600
2026,nonowner,0,1,2000000,2500000,3,7900000,6303900
2026,nonowner,0,1,2000000,2750000,1,2800000,2037600
2026,nonowner,0,1,2250000,1750000,3,5485000,6871400
2026,nonowner,0,1,2250000,2000000,1,2100000,2497000
2026,nonowner,0,1,2250000,2250000,2,4885000,4639500
2026,nonowner,0,1,2250000,2500000,2,5175000,4876700
2026,nonowner,0,1,2250000,3500000,1,3700000,2498300
2026,nonowner,0,1,2250000,3750000,1,3850000,2498300
2026,nonowner,0,1,2500000,1750000,1,1850000,2583100
2026,nonowner,0,1,2500000,2000000,4,8630000,10501000
2026,nonowner,0,1,2500000,2250000,1,2485000,2562000
2026,nonowner,0,1,2500000,2500000,2,5249100,5164300
2026,nonowner,0,1,2500000,2750000,1,2850000,2715400
2026,nonowner,0,1,2750000,2500000,4,10775000,11518400
2026,nonowner,0,1,2750000,2750000,3,8460000,8552100
2026,nonowner,0,1,2750000,3250000,1,3390000,2811700
2026,nonowner,0,1,3000000,2750000,2,5750000,6105900
2026,nonowner,0,1,3000000,3000000,1,3000000,3209300
2026,nonowner,0,1,3000000,3250000,1,3295000,3209300
2026,nonowner,0,1,3000000,4750000,1,4990000,3059500
2026,nonowner,0,1,3250000,1750000,1,1769337,3403400
2026,nonowner,0,1,3250000,3250000,1,3276000,3403400
2026,nonowner,0,1,3500000,2000000,1,2225020,3546700
2026,nonowner,0,1,3500000,2750000,2,5775000,7373600
2026,nonowner,0,1,3500000,3500000,2,7400000,7137600
2026,nonowner,0,1,3500000,3750000,1,3894600,3713500
2026,nonowner,0,1,3750000,3250000,1,3300000,3912700
2026,nonowner,0,1,4000000,4000000,1,4193300,4193300
2026,nonowner,0,1,4000000,4500000,1,4500000,4175600
2026,nonowner,0,1,4000000,5750000,1,5990000,4214400
2026,nonowner,0,1,4250000,3750000,1,3750000,4278200
2026,nonowner,0,1,4250000,4000000,1,4150000,4478300
2026,nonowner,0,1,4250000,4500000,1,4550000,4399600
2026,nonowner,0,1,4500000,3750000,1,3950000,4688700
2026,nonowner,0,1,4500000,4000000,1,4000000,4647800
2026,nonowner,0,1,4500000,4500000,2,9200000,9322600
2026,nonowner,0,1,4500000,5000000,1,5000000,4683600
2026,nonowner,0,1,4750000,3500000,1,3575000,4768400
2026,nonowner,0,1,4750000,4000000,1,4150000,4976400
2026,nonowner,0,1,4750000,5750000,1,5999999,4998900
2026,nonowner,0,1,5000000,4000000,1,4007000,5065700
2026,nonowner,0,1,5250000,5000000,1,5100000,5429300
2026,nonowner,0,1,5250000,6000000,1,6185000,5451700
2026,nonowner,0,1,5500000,4750000,1,4800000,5572600
2026,nonowner,0,1,5500000,6000000,1,6125000,5626700
2026,nonowner,0,1,6000000,9000000,1,9000000,6217600
2026,nonowner,0,1,6500000,6500000,1,6500000,6528800
2026,nonowner,0,1,9500000,10000000,1,12300000,9610000
2026,nonowner,0,1,10000000,5500000,1,5600000,10124000
2026,nonowner,0,1,10000000,10000000,2,23400000,21139100
2026,nonowner,1,0,600000,0,1,575000,677700
2026,nonowner,1,0,600000,600000,4,2595655,2595800
2026,nonowner,1,0,600000,800000,1,800000,681900
2026,nonowner,1,0,600000,1000000,1,1180000,728300
2026,nonowner,1,0,800000,600000,2,1405000,1709600
2026,nonowner,1,0,800000,800000,3,2673780,2828300
2026,nonowner,1,0,800000,1000000,1,1190000,948700
2026,nonowner,1,0,1000000,600000,1,760000,1165300
2026,nonowner,1,0,1000000,800000,1,800000,1068100
2026,nonowner,1,0,1000000,1000000,4,4455000,4360600
2026,nonowner,1,0,1250000,800000,1,955000,1292700
2026,nonowner,1,0,1250000,1000000,3,3440000,4201600
2026,nonowner,1,0,1250000,1250000,3,4090000,4087500
2026,nonowner,1,0,1250000,1500000,2,3223747,2942100
2026,nonowner,1,0,1500000,1000000,1,1085000,1535600
2026,nonowner,1,0,1500000,1500000,4,6385000,6397600
2026,nonowner,1,0,1750000,1250000,1,1498117,1925200
2026,nonowner,1,0,1750000,1750000,1,1765000,1857300
2026,nonowner,1,0,1750000,2250000,1,2250000,1817300
2026,nonowner,1,0,2000000,1750000,1,1920000,2116300
2026,nonowner,1,0,2000000,2000000,1,2175000,2070200
2026,nonowner,1,0,2000000,2250000,1,2280000,2086900
2026,nonowner,1,0,2000000,2750000,1,2900000,2234700
2026,nonowner,1,0,2250000,2250000,1,2375000,2496700
2026,nonowner,1,0,2250000,2500000,1,2500000,2468100
2026,nonowner,1,0,2500000,1250000,1,1375000,2610600
2026,nonowner,1,0,3000000,2250000,1,2360000,3236600
2026,nonowner,1,0,3750000,3750000,1,3850000,3853300
2026,nonowner,1,0,4000000,7500000,1,7950000,4082200
2026,nonowner,1,0,4500000,5250000,1,5450000,4601500
2026,nonowner,1,0,8000000,9000000,1,9175000,8010500
2026,nonowner,1,1,300000,0,7,3258000,3553000
2026,nonowner,1,1,300000,600000,1,665000,548100
2026,nonowner,1,1,600000,0,3,1360000,2060900
2026,nonowner,1,1,600000,600000,6,3970000,4310400
2026,nonowner,1,1,600000,800000,1,850000,748100
2026,nonowner,1,1,600000,1000000,1,1150000,784100
2026,nonowner,1,1,800000,600000,2,1409000,1814500
2026,nonowner,1,1,800000,800000,1,960000,950900
2026,nonowner,1,1,1250000,1000000,2,2248000,2620400
2026,nonowner,1,1,1500000,1500000,3,4925000,4839600
2026,nonowner,1,1,1500000,1750000,1,1895000,1568400
2026,nonowner,1,1,1750000,2500000,1,2747500,1904800
2026,nonowner,1,1,2000000,1750000,1,1895000,2025700
2026,nonowner,1,1,2250000,2000000,1,2000000,2257500
2026,nonowner,1,1,2250000,2500000,1,2725000,2390700
2026,nonowner,1,1,2250000,3750000,1,3850000,2485100
2026,nonowner,1,1,2500000,1500000,1,1500000,2519900
2026,nonowner,1,1,3500000,3250000,1,3250000,3545300
