county,group,value_lo,owner_occupied,improved,condo,count,sum_value
Honolulu,ag_dwelling,0,0,1,0,40,7450100
Honolulu,ag_dwelling,0,0,1,1,19,3992400
Honolulu,ag_dwelling,300000,0,1,0,134,64400800
Honolulu,ag_dwelling,300000,0,1,1,11,5306500
Honolulu,ag_dwelling,600000,0,1,0,109,76883300
Honolulu,ag_dwelling,600000,0,1,1,9,6124500
Honolulu,ag_dwelling,800000,0,1,0,70,62391800
Honolulu,ag_dwelling,800000,0,1,1,11,9842500
Honolulu,ag_dwelling,1000000,0,1,0,54,60282100
Honolulu,ag_dwelling,1000000,0,1,1,8,8807800
Honolulu,ag_dwelling,1250000,0,1,0,20,27347500
Honolulu,ag_dwelling,1250000,0,1,1,4,5571700
Honolulu,ag_dwelling,1500000,0,1,0,18,29256200
Honolulu,ag_dwelling,1500000,0,1,1,3,4754200
Honolulu,ag_dwelling,1750000,0,1,0,8,14967500
Honolulu,ag_dwelling,1750000,0,1,1,6,11537200
Honolulu,ag_dwelling,2000000,0,1,0,16,34031800
Honolulu,ag_dwelling,2000000,0,1,1,2,4432000
Honolulu,ag_dwelling,2250000,0,1,0,7,16388100
Honolulu,ag_dwelling,2250000,0,1,1,1,2389700
Honolulu,ag_dwelling,2500000,0,1,0,3,8014800
Honolulu,ag_dwelling,2750000,0,1,0,3,8437300
Honolulu,ag_dwelling,2750000,0,1,1,2,5689100
Honolulu,ag_dwelling,3000000,0,1,0,2,6272600
Honolulu,ag_dwelling,3000000,0,1,1,1,3240300
Honolulu,ag_dwelling,3250000,0,1,0,5,16535600
Honolulu,ag_dwelling,3500000,0,1,0,3,10819900
Honolulu,ag_dwelling,3750000,0,1,0,2,7640200
Honolulu,ag_dwelling,4000000,0,1,1,1,4102800
Honolulu,ag_dwelling,4750000,0,1,0,1,4773200
Honolulu,ag_dwelling,5250000,0,1,0,1,5328700
Honolulu,ag_dwelling,7000000,0,1,1,1,7030600
Honolulu,ag_dwelling,10000000,0,1,0,1,11565500
Honolulu,ag_dwelling,20000000,0,1,0,1,29887400
Honolulu,large_other,20000000,0,0,0,5,117529500
Honolulu,large_other,20000000,0,1,0,14,329033000
Honolulu,large_other,30000000,0,0,0,5,270177100
Honolulu,large_other,30000000,0,1,0,20,1097928800
Honolulu,multifamily,0,1,1,0,2,380600
Honolulu,multifamily,300000,0,1,0,1,374800
Honolulu,multifamily,300000,1,1,0,1,340600
Honolulu,multifamily,600000,0,0,0,1,622200
Honolulu,multifamily,600000,0,1,0,4,2910300
Honolulu,multifamily,800000,0,1,0,7,6321000
Honolulu,multifamily,800000,1,1,0,2,1732400
Honolulu,multifamily,1000000,0,1,0,5,5747900
Honolulu,multifamily,1250000,0,1,0,9,12151500
Honolulu,multifamily,1250000,1,1,0,1,1365100
Honolulu,multifamily,1500000,0,1,0,9,14806800
Honolulu,multifamily,1750000,0,1,0,16,29949700
Honolulu,multifamily,1750000,1,1,0,2,3887500
Honolulu,multifamily,2000000,0,1,0,21,44775200
Honolulu,multifamily,2000000,1,1,0,5,10510900
Honolulu,multifamily,2250000,0,1,0,13,30979100
Honolulu,multifamily,2250000,1,1,0,1,2251000
Honolulu,multifamily,2500000,0,1,0,15,39518500
Honolulu,multifamily,2500000,1,1,0,3,7761100
Honolulu,multifamily,2750000,0,1,0,8,22766600
Honolulu,multifamily,2750000,1,1,0,1,2882800
Honolulu,multifamily,3000000,0,1,0,8,25036500
Honolulu,multifamily,3250000,0,1,0,7,23238600
Honolulu,multifamily,3500000,0,1,0,4,14761100
Honolulu,multifamily,3750000,0,1,0,3,11462900
Honolulu,multifamily,3750000,1,1,0,1,3832800
Honolulu,multifamily,4000000,0,0,0,1,4178700
Honolulu,multifamily,4000000,0,1,0,5,20506000
Honolulu,multifamily,4000000,1,1,0,1,4128400
Honolulu,multifamily,4250000,0,1,0,3,13019100
Honolulu,multifamily,4250000,1,1,0,1,4314300
Honolulu,multifamily,4500000,0,1,0,6,28004400
Honolulu,multifamily,4750000,0,1,0,4,19182300
Honolulu,multifamily,4750000,1,1,0,1,4976100
Honolulu,multifamily,5000000,0,1,0,2,10076100
Honolulu,multifamily,5250000,0,1,0,2,10989500
Honolulu,multifamily,5500000,0,1,0,1,5710100
Honolulu,multifamily,6000000,0,1,0,2,12507800
Honolulu,multifamily,6500000,0,1,0,4,26856000
Honolulu,multifamily,6500000,1,1,0,1,6712500
Honolulu,multifamily,7000000,0,1,0,3,21787800
Honolulu,multifamily,8000000,0,1,0,1,8019600
Honolulu,multifamily,9000000,0,1,0,1,9224300
Honolulu,multifamily,12500000,0,1,0,3,43632600
Honolulu,multifamily,20000000,0,1,0,2,48492500
Honolulu,multifamily,30000000,0,1,0,15,2241337800
Honolulu,residential,0,0,0,0,1316,37002200
Honolulu,residential,0,0,0,1,3823,223760700
Honolulu,residential,0,0,1,0,149,32191600
Honolulu,residential,0,0,1,1,12003,2343797800
Honolulu,residential,0,1,1,0,153,36824700
Honolulu,residential,0,1,1,1,2509,645693300
Honolulu,residential,300000,0,0,0,295,137960000
Honolulu,residential,300000,0,0,1,235,105583300
Honolulu,residential,300000,0,1,0,1494,725205000
Honolulu,residential,300000,0,1,1,36961,16124429400
Honolulu,residential,300000,1,1,0,1512,766494800
Honolulu,residential,300000,1,1,1,26234,11903609100
Honolulu,residential,600000,0,0,0,349,244821000
Honolulu,residential,600000,0,0,1,156,113617800
Honolulu,residential,600000,0,1,0,3794,2763946300
Honolulu,residential,600000,0,1,1,11937,8259419900
Honolulu,residential,600000,1,0,0,1,715700
Honolulu,residential,600000,1,1,0,6181,4514036200
Honolulu,residential,600000,1,1,1,12042,8298342300
Honolulu,residential,800000,0,0,0,244,217581500
Honolulu,residential,800000,0,0,1,101,88729300
Honolulu,residential,800000,0,1,0,10248,9286937600
Honolulu,residential,800000,0,1,1,6363,5647801500
Honolulu,residential,800000,1,1,0,21310,19387325200
Honolulu,residential,800000,1,1,1,6626,5901431500
Honolulu,residential,1000000,0,0,0,240,269371700
Honolulu,residential,1000000,0,0,1,32,34640100
Honolulu,residential,1000000,0,1,0,10759,12021154000
Honolulu,residential,1000000,0,1,1,3709,4121772000
Honolulu,residential,1000000,1,1,0,27572,30873475200
Honolulu,residential,1000000,1,1,1,3728,4135768500
Honolulu,residential,1250000,0,0,0,154,210032600
Honolulu,residential,1250000,0,0,1,8,10877100
Honolulu,residential,1250000,0,1,0,5840,7945522600
Honolulu,residential,1250000,0,1,1,1762,2405777300
Honolulu,residential,1250000,1,1,0,16438,22400836000
Honolulu,residential,1250000,1,1,1,1854,2529873900
Honolulu,residential,1500000,0,0,0,96,155167900
Honolulu,residential,1500000,0,0,1,9,14640700
Honolulu,residential,1500000,0,1,0,3048,4911356800
Honolulu,residential,1500000,0,1,1,969,1562996400
Honolulu,residential,1500000,1,0,0,1,1600100
Honolulu,residential,1500000,1,1,0,9355,15077399500
Honolulu,residential,1500000,1,1,1,825,1328079300
Honolulu,residential,1750000,0,0,0,56,103675000
Honolulu,residential,1750000,0,0,1,5,9289700
Honolulu,residential,1750000,0,1,0,1727,3215093200
Honolulu,residential,1750000,0,1,1,589,1094440400
Honolulu,residential,1750000,1,1,0,5202,9683144900
Honolulu,residential,1750000,1,1,1,485,903582500
Honolulu,residential,2000000,0,0,0,42,89351400
Honolulu,residential,2000000,0,0,1,2,4133900
Honolulu,residential,2000000,0,1,0,990,2090589100
Honolulu,residential,2000000,0,1,1,275,578830300
Honolulu,residential,2000000,1,1,0,2758,5826978800
Honolulu,residential,2000000,1,1,1,200,422331100
Honolulu,residential,2250000,0,0,0,24,56552900
Honolulu,residential,2250000,0,0,1,4,9540000
Honolulu,residential,2250000,0,1,0,663,1566783500
Honolulu,residential,2250000,0,1,1,253,599088900
Honolulu,residential,2250000,1,0,0,1,2346300
Honolulu,residential,2250000,1,1,0,1677,3968817900
Honolulu,residential,2250000,1,1,1,149,352160700
Honolulu,residential,2500000,0,0,0,26,67871800
Honolulu,residential,2500000,0,0,1,2,5161200
Honolulu,residential,2500000,0,1,0,434,1136268400
Honolulu,residential,2500000,0,1,1,179,467282400
Honolulu,residential,2500000,1,1,0,1098,2875297600
Honolulu,residential,2500000,1,1,1,113,294811200
Honolulu,residential,2750000,0,0,0,13,37432900
Honolulu,residential,2750000,0,0,1,2,5811900
Honolulu,residential,2750000,0,1,0,372,1066733600
Honolulu,residential,2750000,0,1,1,120,345241000
Honolulu,residential,2750000,1,1,0,768,2201735400
Honolulu,residential,2750000,1,1,1,76,217837600
Honolulu,residential,3000000,0,0,0,12,37518200
Honolulu,residential,3000000,0,1,0,295,920709200
Honolulu,residential,3000000,0,1,1,81,251658100
Honolulu,residential,3000000,1,1,0,563,1753664700
Honolulu,residential,3000000,1,1,1,30,92674800
Honolulu,residential,3250000,0,0,0,15,50382400
Honolulu,residential,3250000,0,1,0,198,666172500
Honolulu,residential,3250000,0,1,1,67,224176700
Honolulu,residential,3250000,1,0,0,1,3456800
Honolulu,residential,3250000,1,1,0,422,1419770400
Honolulu,residential,3250000,1,1,1,46,155033300
Honolulu,residential,3500000,0,0,0,10,36316100
Honolulu,residential,3500000,0,1,0,174,628118500
Honolulu,residential,3500000,0,1,1,44,159493000
Honolulu,residential,3500000,1,1,0,299,1081895400
Honolulu,residential,3500000,1,1,1,26,93723900
Honolulu,residential,3750000,0,0,0,10,38892700
Honolulu,residential,3750000,0,1,0,137,530428200
Honolulu,residential,3750000,0,1,1,49,190155700
Honolulu,residential,3750000,1,0,0,1,3916200
Honolulu,residential,3750000,1,1,0,196,756756600
Honolulu,residential,3750000,1,1,1,16,62010800
Honolulu,residential,4000000,0,0,0,6,24888200
Honolulu,residential,4000000,0,1,0,80,328852500
Honolulu,residential,4000000,0,1,1,56,230361500
Honolulu,residential,4000000,1,1,0,128,527140200
Honolulu,residential,4000000,1,1,1,26,106806400
Honolulu,residential,4250000,0,0,0,6,26277900
Honolulu,residential,4250000,0,1,0,79,345232600
Honolulu,residential,4250000,0,1,1,77,336401700
Honolulu,residential,4250000,1,1,0,97,423485600
Honolulu,residential,4250000,1,1,1,21,91753000
Honolulu,residential,4500000,0,0,0,1,4629400
Honolulu,residential,4500000,0,0,1,1,4678900
Honolulu,residential,4500000,0,1,0,62,286347300
Honolulu,residential,4500000,0,1,1,48,221248700
Honolulu,residential,4500000,1,1,0,65,301050000
Honolulu,residential,4500000,1,1,1,8,37380900
Honolulu,residential,4750000,0,0,0,3,14544100
Honolulu,residential,4750000,0,1,0,66,321612400
Honolulu,residential,4750000,0,1,1,15,72716000
Honolulu,residential,4750000,1,1,0,63,306915800
Honolulu,residential,4750000,1,1,1,5,24116100
Honolulu,residential,5000000,0,0,0,2,10300800
Honolulu,residential,5000000,0,1,0,41,210074500
Honolulu,residential,5000000,0,1,1,11,56803000
Honolulu,residential,5000000,1,1,0,47,239725400
Honolulu,residential,5000000,1,1,1,8,40949000
Honolulu,residential,5250000,0,0,0,2,10917400
Honolulu,residential,5250000,0,1,0,46,247513400
Honolulu,residential,5250000,0,1,1,18,96623400
Honolulu,residential,5250000,1,1,0,37,199389900
Honolulu,residential,5250000,1,1,1,8,43064100
Honolulu,residential,5500000,0,0,0,4,22549800
Honolulu,residential,5500000,0,1,0,43,241933000
Honolulu,residential,5500000,0,1,1,9,50071400
Honolulu,residential,5500000,1,1,0,41,231091300
Honolulu,residential,5500000,1,1,1,8,44711000
Honolulu,residential,5750000,0,0,0,2,11543300
Honolulu,residential,5750000,0,1,0,43,252369100
Honolulu,residential,5750000,0,1,1,33,194658700
Honolulu,residential,5750000,1,1,0,31,182695600
Honolulu,residential,5750000,1,1,1,5,29704200
Honolulu,residential,6000000,0,0,0,7,43719500
Honolulu,residential,6000000,0,1,0,49,303479200
Honolulu,residential,6000000,0,1,1,25,154803400
Honolulu,residential,6000000,1,1,0,42,261465100
Honolulu,residential,6000000,1,1,1,9,55182600
Honolulu,residential,6500000,0,0,0,4,26589300
Honolulu,residential,6500000,0,0,1,1,6775000
Honolulu,residential,6500000,0,1,0,55,369882800
Honolulu,residential,6500000,0,1,1,37,252324700
Honolulu,residential,6500000,1,1,0,24,161116300
Honolulu,residential,6500000,1,1,1,16,108724700
Honolulu,residential,7000000,0,0,0,2,14545200
Honolulu,residential,7000000,0,1,0,42,302491000
Honolulu,residential,7000000,0,1,1,18,129115600
Honolulu,residential,7000000,1,1,0,21,152466800
Honolulu,residential,7000000,1,1,1,9,64529000
Honolulu,residential,7500000,0,0,0,3,23220200
Honolulu,residential,7500000,0,1,0,30,232016200
Honolulu,residential,7500000,0,1,1,14,107791900
Honolulu,residential,7500000,1,1,0,18,139681900
Honolulu,residential,7500000,1,1,1,2,15646200
Honolulu,residential,8000000,0,0,0,4,33198800
Honolulu,residential,8000000,0,1,0,24,197730400
Honolulu,residential,8000000,0,1,1,10,82276600
Honolulu,residential,8000000,1,1,0,3,25203200
Honolulu,residential,8000000,1,1,1,1,8038900
Honolulu,residential,8500000,0,0,0,9,78962000
Honolulu,residential,8500000,0,1,0,21,182935300
Honolulu,residential,8500000,0,1,1,4,34953800
Honolulu,residential,8500000,1,1,0,10,87330900
Honolulu,residential,8500000,1,1,1,4,35079200
Honolulu,residential,9000000,0,0,0,2,18114600
Honolulu,residential,9000000,0,1,0,12,111129900
Honolulu,residential,9000000,0,1,1,12,109671600
Honolulu,residential,9000000,1,1,0,5,46320900
Honolulu,residential,9000000,1,1,1,5,45718300
Honolulu,residential,9500000,0,0,1,1,9527600
Honolulu,residential,9500000,0,1,0,15,146014600
Honolulu,residential,9500000,0,1,1,5,49031600
Honolulu,residential,9500000,1,1,0,5,48569700
Honolulu,residential,9500000,1,1,1,1,9780400
Honolulu,residential,10000000,0,0,0,4,44806900
Honolulu,residential,10000000,0,1,0,35,383822500
Honolulu,residential,10000000,0,1,1,22,232663400
Honolulu,residential,10000000,1,1,0,10,110494400
Honolulu,residential,10000000,1,1,1,6,66197900
Honolulu,residential,12500000,0,0,0,2,26925600
Honolulu,residential,12500000,0,1,0,20,268277500
Honolulu,residential,12500000,0,1,1,10,130801000
Honolulu,residential,12500000,1,1,1,2,27284500
Honolulu,residential,15000000,0,0,0,3,47555800
Honolulu,residential,15000000,0,1,0,25,428769200
Honolulu,residential,15000000,0,1,1,1,16091100
Honolulu,residential,15000000,1,1,0,2,30411500
Honolulu,residential,15000000,1,1,1,1,15151800
Honolulu,residential,20000000,0,0,0,1,28091300
Honolulu,residential,20000000,0,1,0,3,68081400
Honolulu,residential,20000000,0,1,1,3,70112000
Honolulu,residential,20000000,1,1,1,2,42078800
Honolulu,residential,30000000,0,0,0,1,32032800
Honolulu,residential,30000000,0,1,1,3,112957900
Hawaii,ag_dwelling,0,0,1,0,2077,449296700
Hawaii,ag_dwelling,0,1,1,0,4147,961512211
Hawaii,ag_dwelling,300000,0,1,0,2881,1247243700
Hawaii,ag_dwelling,300000,1,1,0,7283,3113877877
Hawaii,ag_dwelling,600000,0,1,0,752,519875300
Hawaii,ag_dwelling,600000,1,1,0,2075,1429209743
Hawaii,ag_dwelling,800000,0,1,0,448,399800700
Hawaii,ag_dwelling,800000,1,1,0,1266,1130416839
Hawaii,ag_dwelling,1000000,0,1,0,344,384356000
Hawaii,ag_dwelling,1000000,1,1,0,896,998279387
Hawaii,ag_dwelling,1250000,0,1,0,252,345625800
Hawaii,ag_dwelling,1250000,1,1,0,609,827420063
Hawaii,ag_dwelling,1500000,0,1,0,161,261811300
Hawaii,ag_dwelling,1500000,1,1,0,356,572882585
Hawaii,ag_dwelling,1750000,0,1,0,106,197226400
Hawaii,ag_dwelling,1750000,1,1,0,206,385171860
Hawaii,ag_dwelling,2000000,0,1,0,79,167335900
Hawaii,ag_dwelling,2000000,1,1,0,163,345814793
Hawaii,ag_dwelling,2250000,0,1,0,45,106580300
Hawaii,ag_dwelling,2250000,1,1,0,108,253961649
Hawaii,ag_dwelling,2500000,0,1,0,40,105092500
Hawaii,ag_dwelling,2500000,1,1,0,77,201112669
Hawaii,ag_dwelling,2750000,0,1,0,28,80114900
Hawaii,ag_dwelling,2750000,1,1,0,62,177517357
Hawaii,ag_dwelling,3000000,0,1,0,22,68551700
Hawaii,ag_dwelling,3000000,1,1,0,23,71944360
Hawaii,ag_dwelling,3250000,0,1,0,18,60645200
Hawaii,ag_dwelling,3250000,1,1,0,20,67467605
Hawaii,ag_dwelling,3500000,0,1,0,7,25137000
Hawaii,ag_dwelling,3500000,1,1,0,12,43236040
Hawaii,ag_dwelling,3750000,0,1,0,10,38485500
Hawaii,ag_dwelling,3750000,1,1,0,15,58128896
Hawaii,ag_dwelling,4000000,0,1,0,9,36927500
Hawaii,ag_dwelling,4000000,1,1,0,7,29050201
Hawaii,ag_dwelling,4250000,0,1,0,5,21824600
Hawaii,ag_dwelling,4250000,1,1,0,10,43666309
Hawaii,ag_dwelling,4500000,0,1,0,8,36679000
Hawaii,ag_dwelling,4500000,1,1,0,3,13826412
Hawaii,ag_dwelling,4750000,0,1,0,10,48924100
Hawaii,ag_dwelling,4750000,1,1,0,3,14689688
Hawaii,ag_dwelling,5000000,0,1,0,4,20418000
Hawaii,ag_dwelling,5000000,1,1,0,1,5161830
Hawaii,ag_dwelling,5250000,1,1,0,1,5488380
Hawaii,ag_dwelling,5500000,0,1,0,4,22391500
Hawaii,ag_dwelling,5500000,1,1,0,1,5529426
Hawaii,ag_dwelling,5750000,1,1,0,2,11722939
Hawaii,ag_dwelling,6000000,0,1,0,3,18526800
Hawaii,ag_dwelling,6000000,1,1,0,3,18651554
Hawaii,ag_dwelling,6500000,0,1,0,6,40925600
Hawaii,ag_dwelling,6500000,1,1,0,1,6721465
Hawaii,ag_dwelling,7000000,0,1,0,1,7476400
Hawaii,ag_dwelling,7000000,1,1,0,1,7140681
Hawaii,ag_dwelling,7500000,0,1,0,2,15587300
Hawaii,ag_dwelling,8000000,0,1,0,2,16440300
Hawaii,ag_dwelling,8000000,1,1,0,1,8214400
Hawaii,ag_dwelling,8500000,0,1,0,2,17785400
Hawaii,ag_dwelling,9000000,0,1,0,1,9370000
Hawaii,ag_dwelling,9000000,1,1,0,1,9172618
Hawaii,ag_dwelling,10000000,0,1,0,1,10519000
Hawaii,condo_unit,0,0,1,1,870,146490080
Hawaii,condo_unit,0,1,1,1,101,22860499
Hawaii,condo_unit,300000,0,1,1,4107,1882802193
Hawaii,condo_unit,300000,1,1,1,994,445003110
Hawaii,condo_unit,600000,0,1,1,670,455791326
Hawaii,condo_unit,600000,1,1,1,213,143975868
Hawaii,condo_unit,800000,0,1,1,951,848176486
Hawaii,condo_unit,800000,1,1,1,555,487213187
Hawaii,condo_unit,1000000,0,1,1,660,722002452
Hawaii,condo_unit,1000000,1,1,1,109,116625511
Hawaii,condo_unit,1250000,0,1,1,214,292322233
Hawaii,condo_unit,1250000,1,1,1,38,51997970
Hawaii,condo_unit,1500000,0,1,1,279,437138945
Hawaii,condo_unit,1500000,1,1,1,87,137588282
Hawaii,condo_unit,1750000,0,1,1,35,62923241
Hawaii,condo_unit,1750000,1,1,1,5,8989034
Hawaii,condo_unit,2000000,0,1,1,247,542370644
Hawaii,condo_unit,2000000,1,1,1,13,28660372
Hawaii,condo_unit,2250000,0,1,1,293,705368555
Hawaii,condo_unit,2250000,1,1,1,90,220616723
Hawaii,condo_unit,3250000,0,1,1,82,270633869
Hawaii,condo_unit,3250000,1,1,1,20,66008261
Hawaii,condo_unit,4000000,0,1,1,4,16849400
Hawaii,condo_unit,4500000,0,1,1,51,239715811
Hawaii,condo_unit,4500000,1,1,1,1,4667748
Hawaii,condo_unit,4750000,0,1,1,66,325389033
Hawaii,condo_unit,4750000,1,1,1,2,9860274
Hawaii,condo_unit,5250000,0,1,1,42,224137615
Hawaii,condo_unit,5250000,1,1,1,7,37277272
Hawaii,condo_unit,6000000,0,1,1,62,386956900
Hawaii,condo_unit,6500000,0,1,1,56,389951092
Hawaii,condo_unit,6500000,1,1,1,1,6958646
Hawaii,condo_unit,7000000,0,1,1,11,77956996
Hawaii,condo_unit,7000000,1,1,1,1,7087000
Hawaii,condo_unit,8000000,0,1,1,9,72877900
Hawaii,condo_unit,8500000,0,1,1,19,161645980
Hawaii,condo_unit,8500000,1,1,1,1,8507683
Hawaii,condo_unit,9000000,0,1,1,3,28320500
Hawaii,condo_unit,10000000,0,1,1,53,594083442
Hawaii,condo_unit,10000000,1,1,1,2,23889481
Hawaii,condo_unit,12500000,0,1,1,6,78707493
Hawaii,condo_unit,12500000,1,1,1,2,26762493
Hawaii,large_other,20000000,0,1,0,49,1166960700
Hawaii,large_other,20000000,1,1,0,5,112919100
Hawaii,large_other,30000000,0,1,0,22,870260300
Hawaii,large_other,30000000,1,1,0,2,152671700
Hawaii,multifamily,300000,0,1,0,1,391900
Hawaii,multifamily,600000,0,1,0,1,755500
Hawaii,multifamily,800000,0,1,0,3,2644000
Hawaii,multifamily,1000000,0,1,0,3,3246800
Hawaii,multifamily,1000000,1,1,0,1,1140500
Hawaii,multifamily,1250000,0,1,0,6,8122800
Hawaii,multifamily,1250000,1,1,0,1,1317000
Hawaii,multifamily,1500000,0,1,0,2,3215700
Hawaii,multifamily,1750000,0,1,0,2,3520400
Hawaii,multifamily,2000000,0,1,0,1,2142800
Hawaii,multifamily,2000000,1,1,0,2,4211700
Hawaii,multifamily,2250000,1,1,0,2,4664800
Hawaii,multifamily,2500000,1,1,0,1,2646100
Hawaii,multifamily,2750000,1,1,0,1,2905500
Hawaii,multifamily,3000000,1,1,0,2,6254200
Hawaii,multifamily,3250000,0,1,0,1,3318000
Hawaii,multifamily,4500000,1,1,0,1,4728100
Hawaii,multifamily,4750000,1,1,0,1,4829100
Hawaii,multifamily,6000000,0,1,0,1,6421400
Hawaii,multifamily,6500000,1,1,0,1,6539300
Hawaii,multifamily,8000000,1,1,0,2,16257600
Hawaii,multifamily,15000000,0,1,0,2,33100900
Hawaii,multifamily,20000000,0,1,0,1,28901200
Hawaii,multifamily,30000000,0,1,0,2,112650800
Hawaii,multifamily,30000000,1,1,0,1,157710300
Hawaii,residential,0,0,0,0,20721,889055300
Hawaii,residential,0,0,1,0,4091,747147000
Hawaii,residential,0,1,1,0,3708,845488485
Hawaii,residential,300000,0,0,0,730,292738700
Hawaii,residential,300000,0,1,0,5240,2259269000
Hawaii,residential,300000,1,1,0,8958,3924660372
Hawaii,residential,600000,0,0,0,90,60879500
Hawaii,residential,600000,0,1,0,1559,1081247800
Hawaii,residential,600000,1,1,0,3433,2372478409
Hawaii,residential,800000,0,0,0,37,33856100
Hawaii,residential,800000,0,1,0,1052,938271900
Hawaii,residential,800000,1,1,0,2196,1957845374
Hawaii,residential,1000000,0,0,0,56,64691700
Hawaii,residential,1000000,0,1,0,642,711132800
Hawaii,residential,1000000,1,1,0,1620,1804552448
Hawaii,residential,1250000,0,0,0,54,73451800
Hawaii,residential,1250000,0,1,0,282,386185800
Hawaii,residential,1250000,1,1,0,776,1053273905
Hawaii,residential,1500000,0,0,0,26,41971600
Hawaii,residential,1500000,0,1,0,161,259370500
Hawaii,residential,1500000,1,1,0,445,715835755
Hawaii,residential,1750000,0,0,0,22,41569100
Hawaii,residential,1750000,0,1,0,110,205183200
Hawaii,residential,1750000,1,1,0,211,392965034
Hawaii,residential,2000000,0,0,0,22,47567300
Hawaii,residential,2000000,0,1,0,103,217521700
Hawaii,residential,2000000,1,1,0,131,277266462
Hawaii,residential,2250000,0,0,0,17,39909800
Hawaii,residential,2250000,0,1,0,72,170865500
Hawaii,residential,2250000,1,1,0,76,180569954
Hawaii,residential,2500000,0,0,0,22,58087600
Hawaii,residential,2500000,0,1,0,51,133308600
Hawaii,residential,2500000,1,1,0,49,128406316
Hawaii,residential,2750000,0,0,0,24,67651500
Hawaii,residential,2750000,0,1,0,38,109680200
Hawaii,residential,2750000,1,1,0,30,85659410
Hawaii,residential,3000000,0,0,0,15,47109000
Hawaii,residential,3000000,0,1,0,31,96298800
Hawaii,residential,3000000,1,1,0,17,53416227
Hawaii,residential,3250000,0,0,0,17,57847200
Hawaii,residential,3250000,0,1,0,37,124405700
Hawaii,residential,3250000,1,1,0,14,46894772
Hawaii,residential,3500000,0,0,0,17,60863500
Hawaii,residential,3500000,0,1,0,39,140874600
Hawaii,residential,3500000,1,1,0,18,65054518
Hawaii,residential,3750000,0,0,0,6,23535500
Hawaii,residential,3750000,0,1,0,41,158913800
Hawaii,residential,3750000,1,1,0,19,73635412
Hawaii,residential,4000000,0,0,0,9,37241600
Hawaii,residential,4000000,0,1,0,24,98386500
Hawaii,residential,4000000,1,1,0,10,41291837
Hawaii,residential,4250000,0,0,0,12,51994500
Hawaii,residential,4250000,0,1,0,23,100235100
Hawaii,residential,4250000,1,1,0,12,52435452
Hawaii,residential,4500000,0,0,0,6,27518400
Hawaii,residential,4500000,0,1,0,21,97764700
Hawaii,residential,4500000,1,1,0,8,36940805
Hawaii,residential,4750000,0,0,0,10,48643900
Hawaii,residential,4750000,0,1,0,11,54031900
Hawaii,residential,4750000,1,1,0,4,19521463
Hawaii,residential,5000000,0,0,0,4,20378400
Hawaii,residential,5000000,0,1,0,17,86975500
Hawaii,residential,5000000,1,1,0,2,10282243
Hawaii,residential,5250000,0,0,0,8,43015400
Hawaii,residential,5250000,0,1,0,23,123968700
Hawaii,residential,5250000,1,1,0,3,16144084
Hawaii,residential,5500000,0,0,0,1,5634800
Hawaii,residential,5500000,0,1,0,17,95939600
Hawaii,residential,5500000,1,1,0,1,5745998
Hawaii,residential,5750000,0,0,0,2,11735900
Hawaii,residential,5750000,0,1,0,9,53004100
Hawaii,residential,5750000,1,1,0,4,23545297
Hawaii,residential,6000000,0,0,0,16,99921200
Hawaii,residential,6000000,0,1,0,30,187104900
Hawaii,residential,6000000,1,1,0,4,24995828
Hawaii,residential,6500000,0,0,0,8,54082900
Hawaii,residential,6500000,0,1,0,28,188650300
Hawaii,residential,6500000,1,1,0,1,6769372
Hawaii,residential,7000000,0,0,0,2,14374300
Hawaii,residential,7000000,0,1,0,38,275921800
Hawaii,residential,7000000,1,1,0,2,14393855
Hawaii,residential,7500000,0,0,0,22,169801100
Hawaii,residential,7500000,0,1,0,24,186391400
Hawaii,residential,7500000,1,1,0,4,31064782
Hawaii,residential,8000000,0,0,0,3,24764000
Hawaii,residential,8000000,0,1,0,30,246867100
Hawaii,residential,8000000,1,1,0,4,32579463
Hawaii,residential,8500000,0,0,0,3,25688400
Hawaii,residential,8500000,0,1,0,41,358433200
Hawaii,residential,8500000,1,1,0,12,105098588
Hawaii,residential,9000000,0,0,0,1,9400000
Hawaii,residential,9000000,0,1,0,29,269941600
Hawaii,residential,9000000,1,1,0,2,18500539
Hawaii,residential,9500000,0,0,0,3,29276600
Hawaii,residential,9500000,0,1,0,18,175327300
Hawaii,residential,9500000,1,1,0,5,49194432
Hawaii,residential,10000000,0,0,0,8,92945700
Hawaii,residential,10000000,0,1,0,102,1146739700
Hawaii,residential,10000000,1,1,0,12,138412392
Hawaii,residential,12500000,0,0,0,3,41040600
Hawaii,residential,12500000,0,1,0,49,666686300
Hawaii,residential,12500000,1,1,0,13,179152747
Hawaii,residential,15000000,0,0,0,4,67533900
Hawaii,residential,15000000,0,1,0,89,1506435000
Hawaii,residential,15000000,1,1,0,7,124115417
Hawaii,residential,20000000,1,1,0,6,135843503
Kauai,ag_dwelling,0,0,1,1,1,59900
Kauai,ag_dwelling,300000,0,1,0,1,475800
Kauai,ag_dwelling,600000,0,1,1,1,792800
Kauai,ag_dwelling,800000,0,1,0,2,1782700
Kauai,ag_dwelling,800000,0,1,1,1,884600
Kauai,ag_dwelling,1000000,0,1,0,5,5639700
Kauai,ag_dwelling,1250000,0,1,0,1,1377600
Kauai,ag_dwelling,1500000,0,1,1,1,1671800
Kauai,ag_dwelling,2000000,0,1,1,4,8585100
Kauai,ag_dwelling,2250000,0,1,1,1,2305400
Kauai,ag_dwelling,4000000,0,1,1,1,4223200
Kauai,ag_dwelling,4500000,0,1,1,1,4529800
Kauai,ag_dwelling,5250000,0,1,1,1,5362300
Kauai,large_other,20000000,0,0,0,4,87202900
Kauai,large_other,20000000,0,1,0,16,420593300
Kauai,large_other,20000000,1,1,0,2,52863600
Kauai,large_other,30000000,0,1,0,6,209741600
Kauai,multifamily,600000,0,1,0,1,723500
Kauai,multifamily,800000,0,1,0,2,1800100
Kauai,multifamily,1000000,0,1,0,3,3378900
Kauai,multifamily,1250000,0,1,0,4,5660100
Kauai,multifamily,1500000,0,1,0,4,6489800
Kauai,multifamily,1500000,1,1,0,2,3066400
Kauai,multifamily,1750000,0,1,0,1,1802900
Kauai,multifamily,1750000,1,1,0,2,3747600
Kauai,multifamily,2000000,0,1,0,3,6275700
Kauai,multifamily,2000000,1,1,0,4,8582300
Kauai,multifamily,2250000,0,1,0,2,4945000
Kauai,multifamily,2250000,1,1,0,1,2464700
Kauai,multifamily,2500000,0,1,0,2,5040200
Kauai,multifamily,2500000,1,1,0,1,2687800
Kauai,multifamily,2750000,1,1,0,2,5820400
Kauai,multifamily,3000000,1,1,0,2,6280700
Kauai,multifamily,3250000,0,1,0,1,3419500
Kauai,multifamily,3750000,0,1,0,1,3890000
Kauai,multifamily,4000000,1,1,0,2,8051100
Kauai,multifamily,5250000,0,1,0,1,5362800
Kauai,multifamily,9500000,0,1,0,1,9742100
Kauai,multifamily,9500000,1,1,0,1,9883600
Kauai,multifamily,10000000,0,1,0,1,11136300
Kauai,multifamily,15000000,0,1,0,2,36842900
Kauai,residential,0,0,0,0,278,41517300
Kauai,residential,0,0,0,1,88,19168000
Kauai,residential,0,0,1,0,110,16769500
Kauai,residential,0,0,1,1,414,38678400
Kauai,residential,300000,0,0,0,475,207583500
Kauai,residential,300000,0,0,1,189,77297700
Kauai,residential,300000,0,1,0,323,170269600
Kauai,residential,300000,0,1,1,647,309569300
Kauai,residential,300000,1,0,0,4,2231000
Kauai,residential,300000,1,1,0,460,254032900
Kauai,residential,300000,1,1,1,370,190727700
Kauai,residential,600000,0,0,0,209,143008500
Kauai,residential,600000,0,0,1,43,29341200
Kauai,residential,600000,0,1,0,1333,941180100
Kauai,residential,600000,0,1,1,932,642476500
Kauai,residential,600000,1,0,0,15,9958700
Kauai,residential,600000,1,0,1,3,2195500
Kauai,residential,600000,1,1,0,2954,2101624700
Kauai,residential,600000,1,1,1,394,283214400
Kauai,residential,800000,0,0,0,112,99834800
Kauai,residential,800000,0,0,1,18,15851100
Kauai,residential,800000,0,1,0,1033,922018300
Kauai,residential,800000,0,1,1,779,709507900
Kauai,residential,800000,1,0,0,2,1831600
Kauai,residential,800000,1,0,1,2,1675700
Kauai,residential,800000,1,1,0,2718,2415525600
Kauai,residential,800000,1,1,1,578,514441400
Kauai,residential,1000000,0,0,0,59,64211600
Kauai,residential,1000000,0,0,1,16,17739500
Kauai,residential,1000000,0,1,0,730,809115800
Kauai,residential,1000000,0,1,1,941,1037057100
Kauai,residential,1000000,1,0,0,3,3506600
Kauai,residential,1000000,1,0,1,1,1238800
Kauai,residential,1000000,1,1,0,1644,1827271100
Kauai,residential,1000000,1,1,1,403,446757200
Kauai,residential,1250000,0,0,0,28,38405100
Kauai,residential,1250000,0,0,1,11,15039300
Kauai,residential,1250000,0,1,0,366,498903200
Kauai,residential,1250000,0,1,1,683,937094500
Kauai,residential,1250000,1,0,0,1,1358900
Kauai,residential,1250000,1,0,1,1,1394700
Kauai,residential,1250000,1,1,0,801,1089918900
Kauai,residential,1250000,1,1,1,280,383510500
Kauai,residential,1500000,0,0,0,45,73306100
Kauai,residential,1500000,0,0,1,12,19314300
Kauai,residential,1500000,0,1,0,274,444924800
Kauai,residential,1500000,0,1,1,458,738436200
Kauai,residential,1500000,1,0,0,1,1588100
Kauai,residential,1500000,1,0,1,1,1646300
Kauai,residential,1500000,1,1,0,486,783559900
Kauai,residential,1500000,1,1,1,228,366937500
Kauai,residential,1750000,0,0,0,32,59168700
Kauai,residential,1750000,0,0,1,3,5494200
Kauai,residential,1750000,0,1,0,189,354438000
Kauai,residential,1750000,0,1,1,226,419064900
Kauai,residential,1750000,1,0,1,1,1906300
Kauai,residential,1750000,1,1,0,328,612832900
Kauai,residential,1750000,1,1,1,146,274150000
Kauai,residential,2000000,0,0,0,19,39968000
Kauai,residential,2000000,0,0,1,5,10717100
Kauai,residential,2000000,0,1,0,242,512955700
Kauai,residential,2000000,0,1,1,138,292554600
Kauai,residential,2000000,1,1,0,247,521296800
Kauai,residential,2000000,1,1,1,125,264457400
Kauai,residential,2250000,0,0,0,17,40487000
Kauai,residential,2250000,0,1,0,195,462799700
Kauai,residential,2250000,0,1,1,140,332707100
Kauai,residential,2250000,1,0,0,1,2318600
Kauai,residential,2250000,1,1,0,151,357156600
Kauai,residential,2250000,1,1,1,113,268338400
Kauai,residential,2500000,0,0,0,20,51735300
Kauai,residential,2500000,0,0,1,3,7868000
Kauai,residential,2500000,0,1,0,120,315843800
Kauai,residential,2500000,0,1,1,89,232132800
Kauai,residential,2500000,1,0,0,1,2608800
Kauai,residential,2500000,1,1,0,96,250939200
Kauai,residential,2500000,1,1,1,91,238383800
Kauai,residential,2750000,0,0,0,11,31731400
Kauai,residential,2750000,0,0,1,1,2961500
Kauai,residential,2750000,0,1,0,99,283874800
Kauai,residential,2750000,0,1,1,60,171183700
Kauai,residential,2750000,1,0,0,1,2988700
Kauai,residential,2750000,1,1,0,57,163534100
Kauai,residential,2750000,1,1,1,64,183623900
Kauai,residential,3000000,0,0,0,7,21653800
Kauai,residential,3000000,0,1,0,67,209289100
Kauai,residential,3000000,0,1,1,37,115057700
Kauai,residential,3000000,1,0,1,1,3126100
Kauai,residential,3000000,1,1,0,34,105381500
Kauai,residential,3000000,1,1,1,64,200483600
Kauai,residential,3250000,0,0,0,10,34080800
Kauai,residential,3250000,0,1,0,44,148440800
Kauai,residential,3250000,0,1,1,30,101047000
Kauai,residential,3250000,1,0,1,1,3464500
Kauai,residential,3250000,1,1,0,16,53427900
Kauai,residential,3250000,1,1,1,36,120755300
Kauai,residential,3500000,0,0,0,12,43319500
Kauai,residential,3500000,0,0,1,1,3502000
Kauai,residential,3500000,0,1,0,53,192315300
Kauai,residential,3500000,0,1,1,17,61748800
Kauai,residential,3500000,1,1,0,22,79951600
Kauai,residential,3500000,1,1,1,23,83671700
Kauai,residential,3750000,0,0,0,5,19282700
Kauai,residential,3750000,0,1,0,45,174909200
Kauai,residential,3750000,0,1,1,33,128045300
Kauai,residential,3750000,1,1,0,10,39090300
Kauai,residential,3750000,1,1,1,14,54490600
Kauai,residential,4000000,0,0,0,2,8281500
Kauai,residential,4000000,0,1,0,37,152590900
Kauai,residential,4000000,0,1,1,12,49214200
Kauai,residential,4000000,1,1,0,10,41364400
Kauai,residential,4000000,1,1,1,9,37026600
Kauai,residential,4250000,0,1,0,37,162153400
Kauai,residential,4250000,0,1,1,18,78509700
Kauai,residential,4250000,1,1,0,7,30462500
Kauai,residential,4250000,1,1,1,5,21796600
Kauai,residential,4500000,0,0,0,4,18593000
Kauai,residential,4500000,0,1,0,24,110859400
Kauai,residential,4500000,0,1,1,10,46258600
Kauai,residential,4500000,1,1,0,2,9372800
Kauai,residential,4500000,1,1,1,5,22952000
Kauai,residential,4750000,0,0,0,3,14786100
Kauai,residential,4750000,0,1,0,24,116612700
Kauai,residential,4750000,0,1,1,9,43432700
Kauai,residential,4750000,1,0,0,1,4803600
Kauai,residential,4750000,1,1,0,5,24281800
Kauai,residential,4750000,1,1,1,8,38860100
Kauai,residential,5000000,0,0,0,1,5243600
Kauai,residential,5000000,0,1,0,30,153544400
Kauai,residential,5000000,0,1,1,12,61525100
Kauai,residential,5000000,1,1,0,6,30582800
Kauai,residential,5000000,1,1,1,8,40789900
Kauai,residential,5250000,0,0,0,2,10616100
Kauai,residential,5250000,0,1,0,30,161215700
Kauai,residential,5250000,0,1,1,8,42478000
Kauai,residential,5250000,1,1,0,3,15843700
Kauai,residential,5250000,1,1,1,3,16280300
Kauai,residential,5500000,0,0,0,1,5614400
Kauai,residential,5500000,0,1,0,23,129848900
Kauai,residential,5500000,0,1,1,4,22448100
Kauai,residential,5500000,1,1,0,5,28252500
Kauai,residential,5500000,1,1,1,2,11151500
Kauai,residential,5750000,0,1,0,21,123878000
Kauai,residential,5750000,1,1,0,2,11720100
Kauai,residential,5750000,1,1,1,3,17611500
Kauai,residential,6000000,0,0,0,1,6091500
Kauai,residential,6000000,0,1,0,25,155654400
Kauai,residential,6000000,0,1,1,15,93633800
Kauai,residential,6000000,1,1,0,3,18615300
Kauai,residential,6000000,1,1,1,4,25155200
Kauai,residential,6500000,0,0,0,2,13549000
Kauai,residential,6500000,0,1,0,22,147586100
Kauai,residential,6500000,0,1,1,7,46781900
Kauai,residential,6500000,1,1,0,4,27288900
Kauai,residential,6500000,1,1,1,2,13181000
Kauai,residential,7000000,0,0,1,2,14730400
Kauai,residential,7000000,0,1,0,18,130214800
Kauai,residential,7000000,0,1,1,11,79897200
Kauai,residential,7000000,1,1,0,4,28992100
Kauai,residential,7000000,1,1,1,2,14085500
Kauai,residential,7500000,0,1,0,14,108247800
Kauai,residential,7500000,0,1,1,6,46680200
Kauai,residential,7500000,1,1,0,1,7865300
Kauai,residential,7500000,1,1,1,4,31001400
Kauai,residential,8000000,0,0,0,2,16503100
Kauai,residential,8000000,0,1,0,23,190409500
Kauai,residential,8000000,0,1,1,3,24476600
Kauai,residential,8000000,1,1,0,4,32965100
Kauai,residential,8000000,1,1,1,2,16437400
Kauai,residential,8500000,0,0,0,1,8621500
Kauai,residential,8500000,0,0,1,1,8507600
Kauai,residential,8500000,0,1,0,18,155242300
Kauai,residential,8500000,0,1,1,2,17511400
Kauai,residential,8500000,1,1,0,1,8888000
Kauai,residential,8500000,1,1,1,2,17278300
Kauai,residential,9000000,0,1,0,5,46246400
Kauai,residential,9000000,0,1,1,1,9318800
Kauai,residential,9000000,1,1,0,1,9225300
Kauai,residential,9000000,1,1,1,1,9444900
Kauai,residential,9500000,0,1,0,9,87694700
Kauai,residential,9500000,0,1,1,5,48453300
Kauai,residential,9500000,1,1,1,1,9725000
Kauai,residential,10000000,0,0,0,2,24278400
Kauai,residential,10000000,0,1,0,27,301171900
Kauai,residential,10000000,0,1,1,12,132549900
Kauai,residential,10000000,1,1,0,6,64407400
Kauai,residential,10000000,1,1,1,1,11190300
Kauai,residential,12500000,0,0,0,4,53853700
Kauai,residential,12500000,0,1,0,16,214255200
Kauai,residential,12500000,0,1,1,5,66934300
Kauai,residential,12500000,1,1,0,3,40737800
Kauai,residential,12500000,1,1,1,2,27967500
Kauai,residential,15000000,0,0,0,4,64573300
Kauai,residential,15000000,0,0,1,1,16542300
Kauai,residential,15000000,0,1,0,9,153287700
Kauai,residential,15000000,0,1,1,5,81815500
Kauai,residential,15000000,1,1,0,1,16271400
Kauai,residential,15000000,1,1,1,1,16170600
Kauai,residential,20000000,0,1,1,2,43908500
